method,model_size,parameters,seed,prune_amount,max_,original_max,original_max_time_elapsed,solve_time,sol_count,time_limit,first_solution
no_warm_start_dense_passing,"[1000, 100, 100, 1]",110301,50,0.0,1.1215528111559023,1.12155282497406,592.084305524826,600.3626623153687,439,600,0.9622607231140136
no_warm_start_dense_passing,"[1000, 1000, 1000, 1]",2003001,50,0.0,0.6371088138103,0.6371088624000549,26.56653213500977,605.193945646286,2,600,0.8362342715263367
no_warm_start_dense_passing,"[1000, 100, 100, 100, 1]",120401,50,0.0,0.2302307579856409,0.2302306890487671,552.6072883605957,601.3809745311737,216,600,0.2446022629737854
no_warm_start_dense_passing,"[1000, 1000, 1000, 1000, 1]",3004001,50,0.0,0.1512673278656056,0.1512673199176788,49.63892436027527,607.8992652893066,2,600,0.2531062364578247
no_warm_start_dense_passing,"[1000, 10000, 10000, 10000, 1]",210039991,50,0.0,-inf,-inf,,985.452719926834,0,600,
no_warm_start_dense_passing,"[10000, 100, 100, 1]",1010301,50,0.0,3.3361361827313853,3.3361358642578125,58.84444832801819,601.1853301525116,41,600,3.460690259933472
no_warm_start_dense_passing,"[10000, 1000, 1000, 1]",11003000,50,0.0,1.7275692200285664,1.7275691032409668,164.64214611053467,607.7230217456818,2,600,
no_warm_start_dense_passing,"[10000, 10000, 10000, 1]",200029992,50,0.0,0.02532717535352,0.0253267437219619,821.2917535305023,822.7609679698944,1,600,
no_warm_start_dense_passing,"[10000, 100, 100, 100, 1]",1020401,50,0.0,0.121138881853897,0.1211388707160949,7.479760885238647,601.0786237716675,6,600,0.8198442459106445
no_warm_start_dense_passing,"[10000, 1000, 1000, 1000, 1]",12004000,50,0.0,0.2972418809975777,0.2972418069839477,234.7084965705872,611.9659790992737,2,600,
no_warm_start_dense_passing,"[10000, 10000, 10000, 10000, 1]",300039984,50,0.0,-0.0276839988741309,-0.0276840515434741,1190.578174352646,1191.8718569278717,1,600,
no_warm_start_dense_passing,"[100000, 100, 100, 1]",10010301,50,0.0,7.966532076481783,7.966532230377197,204.0148594379425,620.1381957530975,8,600,
no_warm_start_dense_passing,"[100000, 1000, 1000, 1]",101002997,50,0.0,0.055314096295664,0.0553139969706535,43.100950479507446,642.9631311893463,1,600,
no_warm_start_dense_passing,"[100000, 10000, 10000, 1]",1100029946,50,0.0,0.0201719990666601,0.0201716087758541,1103.4150643348694,1108.254167318344,1,600,
no_warm_start_dense_passing,"[100000, 100, 100, 100, 1]",10020401,50,0.0,0.0799029611225863,0.0799029618501663,6.87809419631958,606.9187915325165,1,600,
no_warm_start_dense_passing,"[100000, 1000, 1000, 1000, 1]",102003997,50,0.0,0.0436340559667358,0.0436333008110523,45.57555770874024,645.2297956943512,1,600,
no_warm_start_dense_passing,"[100000, 10000, 10000, 10000, 1]",1200039939,50,0.0,0.0073845918129918,0.0073845726437866,1364.6952250003817,1372.9900147914886,1,600,
no_warm_start_dense_passing,"[1000, 100, 100, 1]",77271,50,0.3,1.114834203602196,1.072906255722046,577.5227437019348,600.3369135856628,443,600,0.9622607231140136
no_warm_start_dense_passing,"[1000, 1000, 1000, 1]",1402701,50,0.3,0.6217800539937154,0.5891028642654419,18.97094130516052,603.7708866596222,2,600,0.8362342715263367
no_warm_start_dense_passing,"[1000, 10000, 10000, 1]",77027001,50,0.3,0.0396116342158531,0.057488027960062,725.8810110092163,726.5574834346771,1,600,
no_warm_start_dense_passing,"[1000, 100, 100, 100, 1]",84371,50,0.3,0.1254278977970368,0.1238499581813812,451.198073387146,600.992743730545,211,600,0.2446022629737854
no_warm_start_dense_passing,"[10000, 100, 100, 1]",707271,50,0.3,3.2169383065945647,3.226743459701538,479.3367867469788,601.3786017894745,269,600,3.460690259933472
no_warm_start_dense_passing,"[10000, 1000, 1000, 1]",7702701,50,0.3,1.6682687318468237,1.6223039627075195,124.4008116722107,607.4266114234924,2,600,
no_warm_start_dense_passing,"[10000, 100, 100, 100, 1]",714371,50,0.3,0.0962262451387525,0.0906481817364692,5.008902311325073,601.6310603618622,29,600,0.8198442459106445
no_warm_start_dense_passing,"[10000, 1000, 1000, 1000, 1]",8403701,50,0.3,0.3150845671451423,0.2901374399662018,282.00934076309204,611.7988016605377,2,600,
no_warm_start_dense_passing,"[10000, 10000, 10000, 10000, 1]",210037001,50,0.3,-0.0175406670527281,-0.0276840515434741,949.9864041805268,951.7885947227478,1,600,
no_warm_start_dense_passing,"[100000, 100, 100, 1]",7007271,50,0.3,7.855662025178566,7.841508865356445,180.13824272155762,603.3770849704742,10,600,
no_warm_start_dense_passing,"[100000, 1000, 1000, 1]",70702701,50,0.3,0.0542231000307874,0.0553139969706535,33.2352659702301,634.705016374588,1,600,
no_warm_start_dense_passing,"[100000, 10000, 10000, 1]",770027001,50,0.3,0.0114638855343665,0.0201716013252735,1023.298067331314,1030.4829986095428,1,600,
no_warm_start_dense_passing,"[100000, 100, 100, 100, 1]",7014371,50,0.3,0.0801725043501945,0.0799029618501663,3.480806350708008,608.4637711048126,1,600,
no_warm_start_dense_passing,"[100000, 1000, 1000, 1000, 1]",71403701,50,0.3,0.0452021239320524,0.0436333045363426,32.1341438293457,633.2896542549133,1,600,
no_warm_start_dense_passing,"[100000, 10000, 10000, 10000, 1]",840037001,50,0.3,0.0051550508518486,0.0073845726437866,1274.8542051315308,1281.0816960334778,1,600,
no_warm_start_dense_passing,"[1000, 100, 100, 1]",55251,50,0.5,1.0243947324189082,0.9747839570045472,595.7775464057922,600.5069494247437,395,600,0.9622607231140136
no_warm_start_dense_passing,"[1000, 1000, 1000, 1]",1002501,50,0.5,0.4396559135581068,0.4227660298347473,16.99713683128357,604.7694315910339,3,600,0.8362342715263367
no_warm_start_dense_passing,"[1000, 10000, 10000, 1]",55025001,50,0.5,0.0391208150130076,0.057488027960062,704.0028066635132,704.499890089035,1,600,
no_warm_start_dense_passing,"[1000, 100, 100, 100, 1]",60351,50,0.5,0.1081478505234858,0.1076566874980926,544.2388305664062,600.7518351078033,222,600,0.2446022629737854
no_warm_start_dense_passing,"[1000, 1000, 1000, 1000, 1]",1503501,50,0.5,0.1106633079636386,0.0897430032491684,29.893813848495483,606.193017244339,3,600,0.2531062364578247
no_warm_start_dense_passing,"[1000, 10000, 10000, 10000, 1]",105035001,50,0.5,-0.0133631440628131,-0.0120076220482587,849.5945014953613,850.4573309421539,1,600,
no_warm_start_dense_passing,"[10000, 100, 100, 1]",505251,50,0.5,3.0772367457733414,3.0751335620880127,339.2907655239105,602.6929547786713,190,600,3.460690259933472
no_warm_start_dense_passing,"[10000, 1000, 1000, 1]",5502501,50,0.5,1.386126390179521,1.3010730743408203,98.9885687828064,606.7932977676392,2,600,
no_warm_start_dense_passing,"[10000, 100, 100, 100, 1]",510351,50,0.5,0.0779457167577476,0.0718196034431457,378.3243870735169,601.1481087207794,83,600,0.8198442459106445
no_warm_start_dense_passing,"[10000, 1000, 1000, 1000, 1]",6003501,50,0.5,0.2814180542130955,0.2157576382160186,211.65799713134768,610.7727317810059,2,600,
no_warm_start_dense_passing,"[10000, 10000, 10000, 10000, 1]",150035001,50,0.5,-inf,-inf,,861.0907611846924,0,600,
no_warm_start_dense_passing,"[100000, 100, 100, 1]",5005251,50,0.5,7.481215506813802,7.4559502601623535,253.78446912765503,604.6261215209961,13,600,
no_warm_start_dense_passing,"[100000, 1000, 1000, 1]",50502501,50,0.5,0.0698029638768522,0.0553139969706535,25.456700086593628,631.2962324619293,1,600,
no_warm_start_dense_passing,"[100000, 100, 100, 100, 1]",5010351,50,0.5,0.0744158880834025,0.0799029618501663,3.5081000328063965,603.6208410263062,1,600,
no_warm_start_dense_passing,"[100000, 1000, 1000, 1000, 1]",51003501,50,0.5,0.0411298172512919,0.043633297085762,27.95197415351868,629.9543828964233,1,600,
no_warm_start_dense_passing,"[100000, 10000, 10000, 10000, 1]",600035001,50,0.5,0.0034238347938486,0.0073845735751092,1196.4196355342865,1201.1643431186676,1,600,
no_warm_start_dense_passing,"[1000, 100, 100, 1]",22221,50,0.8,0.703800139314509,0.6437934637069702,551.1163146495819,600.3494689464569,482,600,0.9622607231140136
no_warm_start_dense_passing,"[1000, 100, 100, 100, 1]",24321,50,0.8,0.0582985392311026,0.0273059755563735,283.51364827156067,600.6532504558563,154,600,0.2446022629737854
no_warm_start_dense_passing,"[1000, 1000, 1000, 1000, 1]",603201,50,0.8,0.0235751737533603,0.0186200626194477,28.097294330596924,605.593076467514,3,600,0.2531062364578247
no_warm_start_dense_passing,"[10000, 100, 100, 1]",202221,50,0.8,2.536058264170022,2.450784683227539,358.44120478630066,602.0678658485413,1376,600,3.460690259933472
no_warm_start_dense_passing,"[10000, 1000, 1000, 1]",2202201,50,0.8,1.168287528582766,0.9673006534576416,62.27801060676575,605.7160639762878,2,600,
no_warm_start_dense_passing,"[10000, 10000, 10000, 1]",40022001,50,0.8,0.0001291735513678,0.0253267399966716,676.7545442581177,677.2691087722778,1,600,
no_warm_start_dense_passing,"[10000, 100, 100, 100, 1]",204321,50,0.8,0.074703977330118,0.0864196494221687,573.8349778652191,602.0200371742249,210,600,0.8198442459106445
no_warm_start_dense_passing,"[10000, 10000, 10000, 10000, 1]",60032001,50,0.8,-inf,-inf,,747.2113227844238,0,600,
no_warm_start_dense_passing,"[100000, 100, 100, 1]",2002221,50,0.8,5.562636599430967,5.450576305389404,114.22512578964232,603.061404466629,13,600,
no_warm_start_dense_passing,"[100000, 10000, 10000, 1]",220022001,50,0.8,0.0385318829587707,0.0201716013252735,816.7168962955475,818.8942439556122,1,600,
no_warm_start_dense_passing,"[100000, 100, 100, 100, 1]",2004321,50,0.8,0.0823314126940559,0.0799029618501663,1.944485425949097,602.2999210357666,3,600,
no_warm_start_dense_passing,"[100000, 1000, 1000, 1000, 1]",20403201,50,0.8,0.0441314532672713,0.0436333045363426,14.34786820411682,614.5349805355072,1,600,
no_warm_start_dense_passing,"[1000, 100, 100, 1]",11211,50,0.9,0.4166323978813953,0.2753640115261078,92.37982988357544,600.4489984512329,763,600,0.9622607231140136
no_warm_start_dense_passing,"[1000, 1000, 1000, 1]",202101,50,0.9,0.098604084929495,0.1504457890987396,6.037660121917725,603.1205432415009,4,600,0.8362342715263367
no_warm_start_dense_passing,"[1000, 10000, 10000, 1]",11021001,50,0.9,0.0036295583111939,0.057488027960062,639.0591151714325,639.1972670555115,1,600,
no_warm_start_dense_passing,"[1000, 100, 100, 100, 1]",12311,50,0.9,-0.125035797940913,-0.1269431561231613,0.673607587814331,0.6969752311706543,2,600,0.2446022629737854
no_warm_start_dense_passing,"[1000, 1000, 1000, 1000, 1]",303101,50,0.9,-0.0022925826380381,-0.0101405158638954,19.63893485069275,604.6150279045105,4,600,0.2531062364578247
no_warm_start_dense_passing,"[1000, 10000, 10000, 10000, 1]",21031001,50,0.9,-inf,-inf,,677.0518624782562,0,600,
no_warm_start_dense_passing,"[10000, 100, 100, 1]",101211,50,0.9,1.8368591720128824,1.6842552423477173,587.0885317325592,603.7751896381378,2405,600,3.460690259933472
no_warm_start_dense_passing,"[10000, 1000, 1000, 1]",1102101,50,0.9,0.5997523074974275,0.3516461551189422,29.582486629486084,604.1914432048798,2,600,
no_warm_start_dense_passing,"[10000, 10000, 10000, 1]",20021001,50,0.9,0.0034677509149398,0.0253267399966716,652.1844823360443,652.4533903598785,1,600,
no_warm_start_dense_passing,"[10000, 100, 100, 100, 1]",102311,50,0.9,0.4814399137068129,0.4289984703063965,576.7905032634735,601.1803207397461,332,600,0.8198442459106445
no_warm_start_dense_passing,"[10000, 10000, 10000, 10000, 1]",30031001,50,0.9,0.0107359821046112,-0.0276840515434741,695.6679482460022,695.9352073669434,1,600,
no_warm_start_dense_passing,"[100000, 100, 100, 1]",1001211,50,0.9,4.566712859195354,4.379303455352783,25.254350662231445,602.1587436199188,20,600,
no_warm_start_dense_passing,"[100000, 1000, 1000, 1]",10102101,50,0.9,0.0576339407608977,0.0553139969706535,8.453751802444458,608.5524702072144,1,600,
no_warm_start_dense_passing,"[100000, 100, 100, 100, 1]",1002311,50,0.9,0.0865104857759566,0.0806682556867599,339.2661073207855,602.8472349643707,3,600,
no_warm_start_dense_passing,"[1000, 100, 100, 1]",5706,50,0.95,0.0793873767569683,0.0856147557497024,0.2921366691589355,0.3003318309783935,2,600,0.9622607231140136
no_warm_start_dense_passing,"[1000, 1000, 1000, 1]",102051,50,0.95,0.0456918357975667,0.1147472634911537,5.61342978477478,602.8055350780487,5,600,0.8362342715263367
no_warm_start_dense_passing,"[1000, 10000, 10000, 1]",5520501,50,0.95,0.00110640283674,0.0137056894600391,157.14812684059143,630.9561808109283,5,600,
no_warm_start_dense_passing,"[1000, 100, 100, 100, 1]",6306,50,0.95,-0.114953765589174,-0.1269431561231613,0.6550793647766113,0.6705257892608643,2,600,0.2446022629737854
no_warm_start_dense_passing,"[1000, 1000, 1000, 1000, 1]",153051,50,0.95,-0.0148921820908428,-0.0028226599097251,13.136373043060305,604.527107000351,3,600,0.2531062364578247
no_warm_start_dense_passing,"[1000, 10000, 10000, 10000, 1]",10530501,50,0.95,-0.0047780382701694,-0.0120076220482587,673.5676832199097,673.7908453941345,1,600,
no_warm_start_dense_passing,"[10000, 100, 100, 1]",50706,50,0.95,1.1124074845237888,1.0631773471832275,357.65821385383606,601.6246705055237,4242,600,3.460690259933472
no_warm_start_dense_passing,"[10000, 1000, 1000, 1]",552051,50,0.95,0.0155673736142845,0.016851658001542,5.682121276855469,6.259531497955322,3,600,
no_warm_start_dense_passing,"[10000, 10000, 10000, 1]",10020501,50,0.95,-0.0035175596069844,0.0253267399966716,641.1090931892395,641.2619976997375,1,600,
no_warm_start_dense_passing,"[10000, 100, 100, 100, 1]",51306,50,0.95,0.398219614196644,0.3576819002628326,447.3944857120514,600.560962677002,1626,600,0.8198442459106445
no_warm_start_dense_passing,"[10000, 1000, 1000, 1000, 1]",603051,50,0.95,0.0106278072684852,0.0085941972211003,5.981124639511108,8.163318872451782,4,600,
no_warm_start_dense_passing,"[10000, 10000, 10000, 10000, 1]",15030501,50,0.95,-inf,-inf,,687.8440325260162,0,600,
no_warm_start_dense_passing,"[100000, 100, 100, 1]",500706,50,0.95,3.932253658752565,3.68871021270752,97.46841621398926,601.6533086299896,43,600,
no_warm_start_dense_passing,"[100000, 1000, 1000, 1]",5052051,50,0.95,0.0324881792982936,0.0553139969706535,6.499438524246216,606.5990641117096,1,600,
no_warm_start_dense_passing,"[100000, 100, 100, 100, 1]",501306,50,0.95,0.8076264624876263,0.7588078379631042,378.7530570030213,601.3603129386902,2,600,
no_warm_start_dense_passing,"[1000, 100, 100, 1]",110301,51,0.0,1.181117694244609,1.1811176538467407,562.3197088241577,600.4148931503296,423,600,0.91716331243515
no_warm_start_dense_passing,"[1000, 1000, 1000, 1]",2003001,51,0.0,0.4832388972681823,0.4832388460636139,25.118396759033203,604.4284217357635,2,600,0.7387897372245789
no_warm_start_dense_passing,"[1000, 100, 100, 100, 1]",120401,51,0.0,0.1875022361675315,0.187502235174179,1.2796893119812012,601.994647026062,86,600,0.3834312558174133
no_warm_start_dense_passing,"[1000, 1000, 1000, 1000, 1]",3004001,51,0.0,0.0888134603206363,0.0888134390115737,65.35763025283813,608.5380554199219,2,600,0.1603278964757919
no_warm_start_dense_passing,"[10000, 100, 100, 1]",1010301,51,0.0,2.38481982744982,2.384819507598877,581.515353679657,601.0969762802124,71,600,3.176995038986206
no_warm_start_dense_passing,"[10000, 1000, 1000, 1]",11003000,51,0.0,1.3348697637170894,1.334869623184204,146.56556797027588,610.000846862793,2,600,
no_warm_start_dense_passing,"[10000, 10000, 10000, 1]",200029988,51,0.0,-0.0578682811774547,-0.0578682087361812,827.6384515762329,828.8801779747009,1,600,
no_warm_start_dense_passing,"[10000, 100, 100, 100, 1]",1020401,51,0.0,-0.0202496339231645,-0.0202496349811553,9.558714628219604,600.9773900508881,16,600,0.8064201474189758
no_warm_start_dense_passing,"[10000, 1000, 1000, 1000, 1]",12004000,51,0.0,-0.0112196657300414,-0.0112196691334247,611.3460869789124,611.4660904407501,1,600,
no_warm_start_dense_passing,"[10000, 10000, 10000, 10000, 1]",300039983,51,0.0,0.0150670832087743,0.0150669468566775,1085.8375642299652,1087.2234263420105,1,600,
no_warm_start_dense_passing,"[100000, 100, 100, 1]",10010300,51,0.0,10.45131029633884,10.45131015777588,438.9621930122376,604.631942987442,9,600,
no_warm_start_dense_passing,"[100000, 1000, 1000, 1]",101002996,51,0.0,-0.0048026801602828,-0.0048027238808572,49.36374235153198,650.9417386054993,1,600,
no_warm_start_dense_passing,"[100000, 100, 100, 100, 1]",10020400,51,0.0,0.0443155812614282,0.0443155691027641,4.795201301574707,604.8373851776123,1,600,
no_warm_start_dense_passing,"[100000, 1000, 1000, 1000, 1]",102003996,51,0.0,-0.017591830182136,-0.0175926499068737,49.99432969093323,653.2043714523315,1,600,
no_warm_start_dense_passing,"[1000, 100, 100, 1]",77271,51,0.3,1.1470200899678158,1.0976134538650513,502.11720275878906,600.545496225357,4449,600,0.91716331243515
no_warm_start_dense_passing,"[1000, 1000, 1000, 1]",1402701,51,0.3,0.4957351314911908,0.4359859526157379,17.6330509185791,603.9169502258301,2,600,0.7387897372245789
no_warm_start_dense_passing,"[1000, 10000, 10000, 1]",77027001,51,0.3,0.1351964504000706,0.1207656860351562,721.4244265556335,722.1402747631073,1,600,
no_warm_start_dense_passing,"[1000, 100, 100, 100, 1]",84371,51,0.3,0.1650360002463679,0.1641421467065811,509.13361144065857,601.1584582328796,142,600,0.3834312558174133
no_warm_start_dense_passing,"[1000, 1000, 1000, 1000, 1]",2103701,51,0.3,0.0925095745850365,0.0703285634517669,438.9856958389282,608.479608297348,3,600,0.1603278964757919
no_warm_start_dense_passing,"[10000, 100, 100, 1]",707271,51,0.3,2.686700319584262,2.663212537765503,426.93361139297485,602.4865701198578,230,600,3.176995038986206
no_warm_start_dense_passing,"[10000, 1000, 1000, 1]",7702701,51,0.3,1.3029065970754827,1.243938684463501,115.80885863304138,606.7574696540833,2,600,
no_warm_start_dense_passing,"[10000, 100, 100, 100, 1]",714371,51,0.3,0.1095310760831676,0.1095830202102661,303.01856660842896,601.8933863639832,23,600,0.8064201474189758
no_warm_start_dense_passing,"[10000, 1000, 1000, 1000, 1]",8403701,51,0.3,0.3889592265759563,0.360894113779068,234.88599109649655,610.6396269798279,2,600,
no_warm_start_dense_passing,"[100000, 100, 100, 1]",7007271,51,0.3,10.318694601499123,10.283794403076172,223.7918426990509,603.5673007965088,13,600,
no_warm_start_dense_passing,"[100000, 1000, 1000, 1]",70702701,51,0.3,-0.0017784734959247,-0.0048027238808572,28.87737607955933,642.2033603191376,1,600,
no_warm_start_dense_passing,"[100000, 100, 100, 100, 1]",7014371,51,0.3,0.0388350400743896,0.0443155691027641,4.261802673339844,604.4406697750092,1,600,
no_warm_start_dense_passing,"[1000, 100, 100, 1]",55251,51,0.5,0.9891181129703784,0.9705145359039308,495.0972549915314,600.4168858528137,4706,600,0.91716331243515
no_warm_start_dense_passing,"[1000, 1000, 1000, 1]",1002501,51,0.5,0.4578479197884129,0.3508622646331787,16.876716375350952,604.2751052379608,3,600,0.7387897372245789
no_warm_start_dense_passing,"[1000, 100, 100, 100, 1]",60351,51,0.5,0.1430314846518352,0.1345732808113098,0.6302535533905029,600.4970638751984,641,600,0.3834312558174133
no_warm_start_dense_passing,"[1000, 1000, 1000, 1000, 1]",1503501,51,0.5,0.0452056757690625,0.0227875486016273,62.23596549034119,607.5966911315918,2,600,0.1603278964757919
no_warm_start_dense_passing,"[10000, 100, 100, 1]",505251,51,0.5,2.62446979448581,2.6115195751190186,600.6030700206757,601.1298809051514,761,600,3.176995038986206
no_warm_start_dense_passing,"[10000, 1000, 1000, 1]",5502501,51,0.5,1.041916758587202,0.9792856574058532,86.78302049636841,606.6656596660614,2,600,
no_warm_start_dense_passing,"[10000, 10000, 10000, 1]",100025001,51,0.5,-0.0569118191159383,-0.0578682087361812,722.1262154579163,723.0316331386566,1,600,
no_warm_start_dense_passing,"[10000, 100, 100, 100, 1]",510351,51,0.5,-0.0284071379397213,-0.0314432978630065,2.7055935859680176,601.4244480133057,68,600,0.8064201474189758
no_warm_start_dense_passing,"[10000, 1000, 1000, 1000, 1]",6003501,51,0.5,0.3146955133109321,0.2783265709877014,140.34539270401,609.1833665370941,2,600,
no_warm_start_dense_passing,"[100000, 100, 100, 1]",5005251,51,0.5,9.734763530755032,9.700096130371094,117.72359728813171,605.2839195728302,13,600,
no_warm_start_dense_passing,"[100000, 1000, 1000, 1]",50502501,51,0.5,0.0004634313512644,-0.0048027238808572,21.676607131958008,627.0002799034119,1,600,
no_warm_start_dense_passing,"[100000, 10000, 10000, 1]",550025001,51,0.5,0.0376389992101482,0.0527174137532711,959.0602796077728,964.2796654701232,1,600,
no_warm_start_dense_passing,"[100000, 100, 100, 100, 1]",5010351,51,0.5,0.0378073360609476,0.0443155691027641,3.376508474349976,603.4236853122711,1,600,
no_warm_start_dense_passing,"[1000, 100, 100, 1]",22221,51,0.8,0.7324752111020065,0.6022374033927917,434.9673960208893,600.4403235912323,5093,600,0.91716331243515
no_warm_start_dense_passing,"[1000, 1000, 1000, 1]",402201,51,0.8,0.2591778859582188,0.1247016787528991,8.974491834640503,604.320503950119,3,600,0.7387897372245789
no_warm_start_dense_passing,"[1000, 10000, 10000, 1]",22022001,51,0.8,0.0126720545818778,0.1207656860351562,655.4479308128357,655.6653683185577,1,600,
no_warm_start_dense_passing,"[1000, 1000, 1000, 1000, 1]",603201,51,0.8,0.0232775949740932,-0.0262683071196079,286.54077076911926,607.1074438095093,3,600,0.1603278964757919
no_warm_start_dense_passing,"[10000, 100, 100, 1]",202221,51,0.8,2.2828772358084155,2.1702451705932617,575.1993491649628,602.6876792907715,1803,600,3.176995038986206
no_warm_start_dense_passing,"[10000, 1000, 1000, 1]",2202201,51,0.8,0.724198814630997,0.5655140280723572,48.61485743522644,604.6833667755127,2,600,
no_warm_start_dense_passing,"[10000, 100, 100, 100, 1]",204321,51,0.8,-0.0305328524072995,-0.0358573496341705,350.4094498157501,601.1638603210449,159,600,0.8064201474189758
no_warm_start_dense_passing,"[10000, 1000, 1000, 1000, 1]",2403201,51,0.8,0.0892215608069919,0.0444383472204208,253.32473587989807,607.4306457042694,2,600,
no_warm_start_dense_passing,"[10000, 10000, 10000, 10000, 1]",60032001,51,0.8,0.0073240837483262,0.0150669468566775,739.376166343689,739.9146437644958,1,600,
no_warm_start_dense_passing,"[100000, 100, 100, 1]",2002221,51,0.8,7.243548758411448,7.174705505371094,94.87828660011292,602.3439378738403,13,600,
no_warm_start_dense_passing,"[100000, 1000, 1000, 1]",20202201,51,0.8,0.0083972920541451,-0.0048027238808572,12.352933168411257,612.5234208106995,1,600,
no_warm_start_dense_passing,"[100000, 100, 100, 100, 1]",2004321,51,0.8,0.0490542719644673,0.0443155691027641,1.6374096870422363,603.9527750015259,3,600,
no_warm_start_dense_passing,"[100000, 1000, 1000, 1000, 1]",20403201,51,0.8,-0.0099561454881099,-0.0175926499068737,14.488726615905762,614.593273639679,2,600,
no_warm_start_dense_passing,"[100000, 10000, 10000, 10000, 1]",240032001,51,0.8,-inf,-inf,,961.2046718597412,0,600,
no_warm_start_dense_passing,"[1000, 100, 100, 1]",11211,51,0.9,0.3996718231522841,0.3471227884292602,112.48674988746644,601.411084651947,9715,600,0.91716331243515
no_warm_start_dense_passing,"[1000, 1000, 1000, 1]",202101,51,0.9,0.0682988635881399,0.0408563427627086,8.708574771881104,604.3280756473541,4,600,0.7387897372245789
no_warm_start_dense_passing,"[1000, 100, 100, 100, 1]",12311,51,0.9,0.0873760231152548,0.0976172983646392,0.4685852527618408,0.4898085594177246,2,600,0.3834312558174133
no_warm_start_dense_passing,"[1000, 1000, 1000, 1000, 1]",303101,51,0.9,-3.04194336313221e-05,-0.0418855920433998,297.3185977935791,604.739827632904,4,600,0.1603278964757919
no_warm_start_dense_passing,"[10000, 100, 100, 1]",101211,51,0.9,1.7521132713123984,1.720746397972107,579.1157312393188,601.4473850727081,3516,600,3.176995038986206
no_warm_start_dense_passing,"[10000, 1000, 1000, 1]",1102101,51,0.9,0.3789603722556118,0.0731394067406654,33.61636686325073,604.3309803009033,2,600,
no_warm_start_dense_passing,"[10000, 100, 100, 100, 1]",102311,51,0.9,-0.0135646477661662,-0.0237028673291206,535.6639955043793,600.9671683311462,265,600,0.8064201474189758
no_warm_start_dense_passing,"[100000, 100, 100, 1]",1001211,51,0.9,5.3495505111585455,5.25545597076416,27.704572200775143,602.7009093761444,38,600,
no_warm_start_dense_passing,"[100000, 1000, 1000, 1]",10102101,51,0.9,-0.0054188205016391,-0.0048027238808572,10.62088942527771,610.7185516357422,1,600,
no_warm_start_dense_passing,"[100000, 100, 100, 100, 1]",1002311,51,0.9,0.0591199728025833,0.0541133806109428,316.89520263671875,601.9877090454102,3,600,
no_warm_start_dense_passing,"[100000, 1000, 1000, 1000, 1]",10203101,51,0.9,0.0075914488514716,-0.0175926424562931,10.586084842681885,610.6823313236237,1,600,
no_warm_start_dense_passing,"[1000, 100, 100, 1]",5706,51,0.95,0.0080417337923858,0.0087908543646335,0.4227182865142822,0.4325671195983886,2,600,0.91716331243515
no_warm_start_dense_passing,"[1000, 100, 100, 100, 1]",6306,51,0.95,0.0843404091810045,0.0976172983646392,0.4614768028259277,0.4741730690002441,2,600,0.3834312558174133
no_warm_start_dense_passing,"[10000, 100, 100, 1]",50706,51,0.95,1.104833018852315,1.0633541345596311,239.13182973861691,600.6601617336273,8848,600,3.176995038986206
no_warm_start_dense_passing,"[10000, 10000, 10000, 1]",10020501,51,0.95,-0.0017999760701167,-0.0578682087361812,640.7127850055695,640.9095377922058,1,600,
no_warm_start_dense_passing,"[10000, 100, 100, 100, 1]",51306,51,0.95,0.2441136502097687,0.1833342909812927,330.1743676662445,600.5535569190979,1445,600,0.8064201474189758
no_warm_start_dense_passing,"[100000, 100, 100, 1]",500706,51,0.95,4.609191257979853,4.535129547119141,75.34607911109924,602.827892780304,103,600,
no_warm_start_dense_passing,"[100000, 1000, 1000, 1]",5052051,51,0.95,0.019044767766442,-0.0048027238808572,7.813368797302246,607.9144351482391,1,600,
no_warm_start_dense_passing,"[100000, 100, 100, 100, 1]",501306,51,0.95,0.149472659712457,0.1032850369811058,493.3088903427124,601.6428668498993,3,600,
no_warm_start_dense_passing,"[100000, 1000, 1000, 1000, 1]",5103051,51,0.95,0.0145073925699157,-0.0175926424562931,11.100263118743896,611.2089202404022,1,600,
no_warm_start_dense_passing,"[100000, 10000, 10000, 10000, 1]",60030501,51,0.95,-inf,-inf,,959.5414848327636,0,600,
