method,model_size,parameters,seed,prune_amount,max_,original_max,original_max_time_elapsed,solve_time,sol_count,time_limit,first_solution
no_warm_start_remove_region,"[1000, 100, 100, 1]",110301,50,0.0,-inf,0.7867527604103088,488.16615414619446,601.0564334392548,1060,600,0.9622607231140136
no_warm_start_remove_region,"[1000, 100, 100, 1]",77271,50,0.3,-inf,0.7877553105354309,243.1053206920624,600.9386265277863,1309,600,0.9622607231140136
no_warm_start_remove_region,"[1000, 100, 100, 1]",55251,50,0.5,-inf,0.828533411026001,234.69137740135196,601.1906697750092,1666,600,0.9622607231140136
no_warm_start_remove_region,"[1000, 100, 100, 1]",22221,50,0.8,-inf,0.5733951330184937,413.5255637168884,600.551272392273,1031,600,0.9622607231140136
no_warm_start_remove_region,"[1000, 100, 100, 1]",11211,50,0.9,-inf,0.2924898862838745,171.44400763511658,600.6913714408875,2186,600,0.9622607231140136
no_warm_start_remove_region,"[1000, 100, 100, 1]",5706,50,0.95,-inf,0.0856147557497024,0.305844783782959,0.3154225349426269,3,600,0.9622607231140136
no_warm_start_remove_region,"[1000, 100, 100, 1]",110301,51,0.0,-inf,0.9117369651794434,118.65415978431702,600.7300088405609,973,600,0.91716331243515
no_warm_start_remove_region,"[1000, 100, 100, 1]",77271,51,0.3,-inf,0.9409361481666564,262.792352437973,600.786518573761,1223,600,0.91716331243515
no_warm_start_remove_region,"[1000, 100, 100, 1]",55251,51,0.5,-inf,0.8523160219192505,299.57574558258057,600.9375109672546,1260,600,0.91716331243515
no_warm_start_remove_region,"[1000, 100, 100, 1]",22221,51,0.8,-inf,0.5468764901161194,128.20372414588928,600.6036982536316,680,600,0.91716331243515
no_warm_start_remove_region,"[1000, 100, 100, 1]",11211,51,0.9,-inf,0.3244466185569763,470.1163892745972,600.857179403305,1678,600,0.91716331243515
no_warm_start_remove_region,"[1000, 100, 100, 1]",5706,51,0.95,-inf,0.0087908543646335,0.4309871196746826,0.4438636302947998,3,600,0.91716331243515
no_warm_start_remove_region,"[1000, 1000, 1000, 1]",2003001,50,0.0,-inf,0.6371088624000549,23.04893684387207,604.8158385753632,2,600,0.8362342715263367
no_warm_start_remove_region,"[1000, 1000, 1000, 1]",1402701,50,0.3,-inf,0.5891028642654419,21.52040958404541,604.5329079627991,2,600,0.8362342715263367
no_warm_start_remove_region,"[1000, 1000, 1000, 1]",1002501,50,0.5,-inf,0.4227660298347473,14.658884048461914,605.0496850013733,2,600,0.8362342715263367
no_warm_start_remove_region,"[1000, 1000, 1000, 1]",402201,50,0.8,-inf,0.121460348367691,7.286576271057129,602.9850871562958,2,600,0.8362342715263367
no_warm_start_remove_region,"[1000, 1000, 1000, 1]",202101,50,0.9,-inf,0.1504457890987396,5.822004795074463,603.2012906074524,2,600,0.8362342715263367
no_warm_start_remove_region,"[1000, 1000, 1000, 1]",102051,50,0.95,-inf,0.1147472634911537,5.708478212356567,603.099622964859,2,600,0.8362342715263367
no_warm_start_remove_region,"[1000, 1000, 1000, 1]",2003001,51,0.0,-inf,0.4832388460636139,19.13441276550293,603.578506231308,2,600,0.7387897372245789
no_warm_start_remove_region,"[1000, 1000, 1000, 1]",1402701,51,0.3,-inf,0.4359859526157379,15.395567178726196,604.0400261878967,2,600,0.7387897372245789
no_warm_start_remove_region,"[1000, 1000, 1000, 1]",1002501,51,0.5,-inf,0.3508622646331787,14.598950147628784,605.1120126247406,2,600,0.7387897372245789
no_warm_start_remove_region,"[1000, 1000, 1000, 1]",402201,51,0.8,-inf,0.1247016787528991,6.523081302642822,603.1046197414398,2,600,0.7387897372245789
no_warm_start_remove_region,"[1000, 1000, 1000, 1]",202101,51,0.9,-inf,0.0408563427627086,8.010104894638062,604.3050272464752,2,600,0.7387897372245789
no_warm_start_remove_region,"[1000, 1000, 1000, 1]",102051,51,0.95,-inf,0.0399127341806888,7.125516176223755,604.2953865528107,2,600,0.7387897372245789
no_warm_start_remove_region,"[1000, 10000, 10000, 1]",110029997,50,0.0,-inf,0.057488027960062,733.6328465938568,734.3569533824921,1,600,
no_warm_start_remove_region,"[1000, 10000, 10000, 1]",77027001,50,0.3,-inf,0.057488027960062,713.5161056518555,714.0881085395813,1,600,
no_warm_start_remove_region,"[1000, 10000, 10000, 1]",55025001,50,0.5,-inf,0.057488027960062,692.7516093254089,693.1733844280243,1,600,
no_warm_start_remove_region,"[1000, 10000, 10000, 1]",22022001,50,0.8,-inf,0.057488027960062,646.829897403717,647.0389466285706,1,600,
no_warm_start_remove_region,"[1000, 10000, 10000, 1]",11021001,50,0.9,-inf,0.057488027960062,636.8266232013702,636.950582742691,1,600,
no_warm_start_remove_region,"[1000, 10000, 10000, 1]",5520501,50,0.95,-inf,0.0137056894600391,142.19930934906006,632.0789244174957,2,600,
no_warm_start_remove_region,"[1000, 10000, 10000, 1]",110029996,51,0.0,-inf,0.1207656860351562,734.9866571426392,735.7159247398376,1,600,
no_warm_start_remove_region,"[1000, 10000, 10000, 1]",77027001,51,0.3,-inf,0.1207656860351562,699.5606706142426,700.0842778682709,1,600,
no_warm_start_remove_region,"[1000, 10000, 10000, 1]",55025001,51,0.5,-inf,0.1207656860351562,691.2569093704224,691.8597626686096,1,600,
no_warm_start_remove_region,"[1000, 10000, 10000, 1]",22022001,51,0.8,-inf,0.1207656860351562,656.8075411319733,657.0709702968597,1,600,
no_warm_start_remove_region,"[1000, 10000, 10000, 1]",11021001,51,0.9,-inf,0.1207656860351562,637.089542388916,637.2168681621552,1,600,
no_warm_start_remove_region,"[1000, 10000, 10000, 1]",5520501,51,0.95,-inf,0.0386339426040649,146.1212649345398,630.7596883773804,2,600,
no_warm_start_remove_region,"[1000, 100, 100, 100, 1]",120401,50,0.0,-inf,0.045771524310112,0.99782395362854,600.5907382965088,78,600,0.2446022629737854
no_warm_start_remove_region,"[1000, 100, 100, 100, 1]",84371,50,0.3,-inf,0.0331295505166053,221.99035024642944,600.6086072921753,98,600,0.2446022629737854
no_warm_start_remove_region,"[1000, 100, 100, 100, 1]",60351,50,0.5,-inf,0.0357941389083862,184.8333954811096,600.5523953437805,102,600,0.2446022629737854
no_warm_start_remove_region,"[1000, 100, 100, 100, 1]",24321,50,0.8,-inf,-0.0195080265402793,335.9178431034088,600.7268912792206,158,600,0.2446022629737854
no_warm_start_remove_region,"[1000, 100, 100, 100, 1]",12311,50,0.9,-inf,-0.1269431561231613,0.6497313976287842,0.6749613285064697,3,600,0.2446022629737854
no_warm_start_remove_region,"[1000, 100, 100, 100, 1]",6306,50,0.95,-inf,-0.1269431561231613,0.6546356678009033,0.6891477108001709,3,600,0.2446022629737854
no_warm_start_remove_region,"[1000, 100, 100, 100, 1]",120401,51,0.0,-inf,0.187502235174179,1.2372026443481443,600.8034510612488,2,600,0.3834312558174133
no_warm_start_remove_region,"[1000, 100, 100, 100, 1]",84371,51,0.3,-inf,0.1364045739173889,1.035473108291626,600.796767950058,2,600,0.3834312558174133
no_warm_start_remove_region,"[1000, 100, 100, 100, 1]",60351,51,0.5,-inf,0.1345732808113098,0.6592535972595215,600.6422152519226,2,600,0.3834312558174133
no_warm_start_remove_region,"[1000, 100, 100, 100, 1]",24321,51,0.8,-inf,0.1336130201816558,0.6374351978302002,600.6010780334473,2,600,0.3834312558174133
no_warm_start_remove_region,"[1000, 100, 100, 100, 1]",12311,51,0.9,-inf,0.0976172983646392,0.4659245014190674,0.4876506328582763,3,600,0.3834312558174133
no_warm_start_remove_region,"[1000, 100, 100, 100, 1]",6306,51,0.95,-inf,0.0976172983646392,0.4483859539031982,0.4661328792572021,3,600,0.3834312558174133
no_warm_start_remove_region,"[1000, 1000, 1000, 1000, 1]",3004001,50,0.0,-inf,0.1512673199176788,45.71801352500916,606.8693866729736,2,600,0.2531062364578247
no_warm_start_remove_region,"[1000, 1000, 1000, 1000, 1]",2103701,50,0.3,-inf,0.1231831088662147,44.74433994293213,606.4619653224945,2,600,0.2531062364578247
no_warm_start_remove_region,"[1000, 1000, 1000, 1000, 1]",1503501,50,0.5,-inf,0.0897430032491684,35.252275705337524,607.3906135559082,2,600,0.2531062364578247
no_warm_start_remove_region,"[1000, 1000, 1000, 1000, 1]",603201,50,0.8,-inf,0.0186200626194477,25.515442848205566,606.5281863212585,2,600,0.2531062364578247
no_warm_start_remove_region,"[1000, 1000, 1000, 1000, 1]",303101,50,0.9,-inf,-0.0101405158638954,21.868149518966675,606.6307418346405,2,600,0.2531062364578247
no_warm_start_remove_region,"[1000, 1000, 1000, 1000, 1]",153051,50,0.95,-inf,-0.0028226599097251,16.123979091644287,606.5900149345398,2,600,0.2531062364578247
no_warm_start_remove_region,"[1000, 1000, 1000, 1000, 1]",3004001,51,0.0,-inf,0.0888134390115737,48.45974564552307,606.538626909256,2,600,0.1603278964757919
no_warm_start_remove_region,"[1000, 1000, 1000, 1000, 1]",2103701,51,0.3,-inf,0.0703076645731926,37.77754640579224,605.9522142410278,2,600,0.1603278964757919
no_warm_start_remove_region,"[1000, 1000, 1000, 1000, 1]",1503501,51,0.5,-inf,0.0227875486016273,43.69379138946533,605.5030932426453,2,600,0.1603278964757919
no_warm_start_remove_region,"[1000, 1000, 1000, 1000, 1]",603201,51,0.8,-inf,-0.0263130441308021,27.65707230567932,605.6239953041077,2,600,0.1603278964757919
no_warm_start_remove_region,"[1000, 1000, 1000, 1000, 1]",303101,51,0.9,-inf,-0.0419019237160682,15.597692728042604,604.589015007019,2,600,0.1603278964757919
no_warm_start_remove_region,"[1000, 1000, 1000, 1000, 1]",153051,51,0.95,-inf,-0.0496042184531688,12.564825773239136,604.5163860321045,2,600,0.1603278964757919
no_warm_start_remove_region,"[1000, 10000, 10000, 10000, 1]",210039991,50,0.0,-inf,-inf,,903.0808079242706,0,600,
no_warm_start_remove_region,"[1000, 10000, 10000, 10000, 1]",147037001,50,0.3,-inf,-0.0120076220482587,846.8389523029327,847.9538321495056,1,600,
no_warm_start_remove_region,"[1000, 10000, 10000, 10000, 1]",105035001,50,0.5,-inf,-0.0120076220482587,800.1521739959717,801.0627858638763,1,600,
no_warm_start_remove_region,"[1000, 10000, 10000, 10000, 1]",42032001,50,0.8,-inf,-0.0120076220482587,713.330150604248,713.7775750160217,1,600,
no_warm_start_remove_region,"[1000, 10000, 10000, 10000, 1]",21031001,50,0.9,-inf,-0.0120076220482587,670.7193005084991,670.929972410202,1,600,
no_warm_start_remove_region,"[1000, 10000, 10000, 10000, 1]",10530501,50,0.95,-inf,-0.0120076220482587,653.4131512641907,653.6081085205078,1,600,
no_warm_start_remove_region,"[1000, 10000, 10000, 10000, 1]",210039988,51,0.0,-inf,0.0312676355242729,899.408899307251,900.551194190979,1,600,
no_warm_start_remove_region,"[1000, 10000, 10000, 10000, 1]",147037001,51,0.3,-inf,0.0312676541507244,877.7477605342865,878.6859977245331,1,600,
no_warm_start_remove_region,"[1000, 10000, 10000, 10000, 1]",105035001,51,0.5,-inf,0.0312676541507244,786.5066883563995,787.3002288341522,1,600,
no_warm_start_remove_region,"[1000, 10000, 10000, 10000, 1]",42032001,51,0.8,-inf,0.0312676541507244,704.5052402019501,704.8600614070892,1,600,
no_warm_start_remove_region,"[1000, 10000, 10000, 10000, 1]",21031001,51,0.9,-inf,-inf,,671.7402081489563,0,600,
no_warm_start_remove_region,"[1000, 10000, 10000, 10000, 1]",10530501,51,0.95,-inf,-inf,,654.0272922515869,0,600,
no_warm_start_remove_region,"[10000, 100, 100, 1]",1010301,50,0.0,-inf,3.125688076019287,83.93547010421753,601.0080163478851,5,600,3.460690259933472
no_warm_start_remove_region,"[10000, 100, 100, 1]",707271,50,0.3,-inf,3.139263391494751,41.64710545539856,600.916805267334,32,600,3.460690259933472
no_warm_start_remove_region,"[10000, 100, 100, 1]",505251,50,0.5,-inf,3.0017611980438232,31.660934686660767,602.6391665935516,114,600,3.460690259933472
no_warm_start_remove_region,"[10000, 100, 100, 1]",202221,50,0.8,-inf,2.2332441806793213,358.7932977676392,600.6589086055756,171,600,3.460690259933472
no_warm_start_remove_region,"[10000, 100, 100, 1]",101211,50,0.9,-inf,1.4933916330337524,231.34842467308044,600.8363726139069,241,600,3.460690259933472
no_warm_start_remove_region,"[10000, 100, 100, 1]",50706,50,0.95,-inf,1.0402764081954956,486.8187057971954,600.7712261676788,767,600,3.460690259933472
no_warm_start_remove_region,"[10000, 100, 100, 1]",1010301,51,0.0,-inf,2.792604446411133,555.908659696579,601.4801487922668,19,600,3.176995038986206
no_warm_start_remove_region,"[10000, 100, 100, 1]",707271,51,0.3,-inf,2.5467820167541504,458.9575536251068,601.0491681098938,158,600,3.176995038986206
no_warm_start_remove_region,"[10000, 100, 100, 1]",505251,51,0.5,-inf,2.378955364227295,291.18338990211487,600.5248212814331,158,600,3.176995038986206
no_warm_start_remove_region,"[10000, 100, 100, 1]",202221,51,0.8,-inf,2.055628776550293,270.1811537742615,600.630951166153,238,600,3.176995038986206
no_warm_start_remove_region,"[10000, 100, 100, 1]",101211,51,0.9,-inf,1.5578147172927856,254.11009311676025,600.6816501617432,217,600,3.176995038986206
no_warm_start_remove_region,"[10000, 100, 100, 1]",50706,51,0.95,-inf,0.9980217218399048,505.3534505367279,601.2027835845947,662,600,3.176995038986206
no_warm_start_remove_region,"[10000, 1000, 1000, 1]",11003000,50,0.0,-inf,1.7275691032409668,128.17450332641602,607.0529239177704,2,600,
no_warm_start_remove_region,"[10000, 1000, 1000, 1]",7702701,50,0.3,-inf,1.6223039627075195,95.98688650131226,605.9614136219025,2,600,
no_warm_start_remove_region,"[10000, 1000, 1000, 1]",5502501,50,0.5,-inf,1.3010730743408203,75.8559558391571,605.3566918373108,2,600,
no_warm_start_remove_region,"[10000, 1000, 1000, 1]",2202201,50,0.8,-inf,0.9673006534576416,48.58643341064453,604.7910659313202,2,600,
no_warm_start_remove_region,"[10000, 1000, 1000, 1]",1102101,50,0.9,-inf,0.3516461551189422,35.25914907455444,603.6987640857697,2,600,
no_warm_start_remove_region,"[10000, 1000, 1000, 1]",552051,50,0.95,-inf,0.016851658001542,5.9936134815216064,6.401425361633301,3,600,
no_warm_start_remove_region,"[10000, 1000, 1000, 1]",11003000,51,0.0,-inf,1.334869623184204,131.20303559303284,607.0606572628021,2,600,
no_warm_start_remove_region,"[10000, 1000, 1000, 1]",7702701,51,0.3,-inf,1.243938684463501,105.09247636795044,607.1779863834381,2,600,
no_warm_start_remove_region,"[10000, 1000, 1000, 1]",5502501,51,0.5,-inf,0.9792856574058532,79.72809839248657,606.3013434410095,2,600,
no_warm_start_remove_region,"[10000, 1000, 1000, 1]",2202201,51,0.8,-inf,0.5655140280723572,52.18854522705078,605.3772320747375,2,600,
no_warm_start_remove_region,"[10000, 1000, 1000, 1]",1102101,51,0.9,-inf,0.0731394067406654,22.821955919265747,603.4938635826111,2,600,
no_warm_start_remove_region,"[10000, 1000, 1000, 1]",552051,51,0.95,-inf,-0.034940518438816,3.8874666690826416,4.255361795425415,3,600,
no_warm_start_remove_region,"[10000, 10000, 10000, 1]",200029992,50,0.0,-inf,-inf,,771.7830429077148,0,600,
no_warm_start_remove_region,"[10000, 10000, 10000, 1]",140027001,50,0.3,-inf,0.0253267399966716,731.356187582016,732.2837102413177,1,600,
no_warm_start_remove_region,"[10000, 10000, 10000, 1]",100025001,50,0.5,-inf,0.0253267437219619,703.507007598877,704.2998697757721,1,600,
no_warm_start_remove_region,"[10000, 10000, 10000, 1]",40022001,50,0.8,-inf,0.0253267399966716,660.5245118141174,660.8775148391724,1,600,
no_warm_start_remove_region,"[10000, 10000, 10000, 1]",20021001,50,0.9,-inf,0.0253267399966716,645.9105381965637,646.1419389247894,1,600,
no_warm_start_remove_region,"[10000, 10000, 10000, 1]",10020501,50,0.95,-inf,0.0253267399966716,638.2574422359467,638.4107127189636,1,600,
no_warm_start_remove_region,"[10000, 10000, 10000, 1]",200029988,51,0.0,-inf,-0.0578682087361812,769.5157644748688,770.8226561546326,1,600,
no_warm_start_remove_region,"[10000, 10000, 10000, 1]",140027001,51,0.3,-inf,-0.0578682087361812,727.3381969928741,728.4278914928436,1,600,
no_warm_start_remove_region,"[10000, 10000, 10000, 1]",100025001,51,0.5,-inf,-0.0578682087361812,703.946485042572,704.8363516330719,1,600,
no_warm_start_remove_region,"[10000, 10000, 10000, 1]",40022001,51,0.8,-inf,-0.0578682087361812,660.045770406723,660.4224724769592,1,600,
no_warm_start_remove_region,"[10000, 10000, 10000, 1]",20021001,51,0.9,-inf,-0.0578682087361812,657.6619925498962,658.0129723548889,1,600,
no_warm_start_remove_region,"[10000, 10000, 10000, 1]",10020501,51,0.95,-inf,-0.0578682087361812,640.0889654159546,640.2473602294922,1,600,
no_warm_start_remove_region,"[10000, 100, 100, 100, 1]",1020401,50,0.0,-inf,0.1211388707160949,10.676122665405272,601.2768173217773,2,600,0.8198442459106445
no_warm_start_remove_region,"[10000, 100, 100, 100, 1]",714371,50,0.3,-inf,0.0906481817364692,4.305366516113281,601.001663684845,2,600,0.8198442459106445
no_warm_start_remove_region,"[10000, 100, 100, 100, 1]",510351,50,0.5,-inf,0.0682588815689086,2.859917402267456,600.8660216331482,2,600,0.8198442459106445
no_warm_start_remove_region,"[10000, 100, 100, 100, 1]",204321,50,0.8,-inf,0.362001895904541,520.5600216388702,600.8154399394989,23,600,0.8198442459106445
no_warm_start_remove_region,"[10000, 100, 100, 100, 1]",102311,50,0.9,-inf,0.2524759471416473,600.5831019878387,600.6943616867065,8,600,0.8198442459106445
no_warm_start_remove_region,"[10000, 100, 100, 100, 1]",51306,50,0.95,-inf,0.1798585653305053,588.8928537368774,601.0085847377777,33,600,0.8198442459106445
no_warm_start_remove_region,"[10000, 100, 100, 100, 1]",1020401,51,0.0,-inf,-0.0202496349811553,7.341439008712768,601.4312455654144,2,600,0.8064201474189758
no_warm_start_remove_region,"[10000, 100, 100, 100, 1]",714371,51,0.3,-inf,-0.0293659046292305,4.302035570144653,601.4912683963776,2,600,0.8064201474189758
no_warm_start_remove_region,"[10000, 100, 100, 100, 1]",510351,51,0.5,-inf,-0.0314432978630065,3.054351329803467,601.4452896118164,2,600,0.8064201474189758
no_warm_start_remove_region,"[10000, 100, 100, 100, 1]",204321,51,0.8,-inf,0.2568638920783996,555.9342510700226,601.0707123279572,15,600,0.8064201474189758
no_warm_start_remove_region,"[10000, 100, 100, 100, 1]",102311,51,0.9,-inf,0.1152132600545883,494.7498981952667,600.7529046535492,34,600,0.8064201474189758
no_warm_start_remove_region,"[10000, 100, 100, 100, 1]",51306,51,0.95,-inf,0.0067519098520278,555.1534061431885,601.0211889743805,48,600,0.8064201474189758
no_warm_start_remove_region,"[10000, 1000, 1000, 1000, 1]",12004000,50,0.0,-inf,0.2972418069839477,301.0686049461365,610.9227843284607,2,600,
no_warm_start_remove_region,"[10000, 1000, 1000, 1000, 1]",8403701,50,0.3,-inf,0.2901374399662018,245.8710629940033,608.9226503372192,2,600,
no_warm_start_remove_region,"[10000, 1000, 1000, 1000, 1]",6003501,50,0.5,-inf,0.2157576382160186,160.71806812286377,608.3810706138611,2,600,
no_warm_start_remove_region,"[10000, 1000, 1000, 1000, 1]",2403201,50,0.8,-inf,0.0533121898770332,175.03229355812073,608.429057598114,2,600,
no_warm_start_remove_region,"[10000, 1000, 1000, 1000, 1]",1203101,50,0.9,-inf,0.0085941972211003,10.633856773376465,18.98657488822937,4,600,
no_warm_start_remove_region,"[10000, 1000, 1000, 1000, 1]",603051,50,0.95,-inf,0.0085941972211003,9.133244514465332,14.384942293167114,3,600,
no_warm_start_remove_region,"[10000, 1000, 1000, 1000, 1]",12004000,51,0.0,-inf,-0.0112196691334247,609.9987046718597,610.1084897518158,1,600,
no_warm_start_remove_region,"[10000, 1000, 1000, 1000, 1]",8403701,51,0.3,-inf,0.360894113779068,219.8613600730896,609.6793119907379,2,600,
no_warm_start_remove_region,"[10000, 1000, 1000, 1000, 1]",6003501,51,0.5,-inf,0.2783265709877014,144.5388834476471,609.3715691566467,2,600,
no_warm_start_remove_region,"[10000, 1000, 1000, 1000, 1]",2403201,51,0.8,-inf,0.0444383472204208,243.27192640304563,606.745404958725,2,600,
no_warm_start_remove_region,"[10000, 1000, 1000, 1000, 1]",1203101,51,0.9,-inf,-0.0147094447165727,8.365294694900513,10.824036598205566,3,600,
no_warm_start_remove_region,"[10000, 1000, 1000, 1000, 1]",603051,51,0.95,-inf,-0.0147094447165727,6.7097907066345215,8.365230321884155,3,600,
no_warm_start_remove_region,"[10000, 10000, 10000, 10000, 1]",300039984,50,0.0,-inf,-inf,,1128.5376117229462,0,600,
no_warm_start_remove_region,"[10000, 10000, 10000, 10000, 1]",210037001,50,0.3,-inf,-0.0276840515434741,891.0776274204254,892.4032311439514,1,600,
no_warm_start_remove_region,"[10000, 10000, 10000, 10000, 1]",150035001,50,0.5,-inf,-inf,,838.4360737800598,0,600,
no_warm_start_remove_region,"[10000, 10000, 10000, 10000, 1]",60032001,50,0.8,-inf,-0.0276840515434741,716.1774561405182,716.7028803825378,1,600,
no_warm_start_remove_region,"[10000, 10000, 10000, 10000, 1]",30031001,50,0.9,-inf,-inf,,680.2559881210327,0,600,
no_warm_start_remove_region,"[10000, 10000, 10000, 10000, 1]",15030501,50,0.95,-inf,-0.0276840515434741,683.1223578453064,684.0363087654114,1,600,
no_warm_start_remove_region,"[10000, 10000, 10000, 10000, 1]",300039983,51,0.0,-inf,0.0150669468566775,963.8467202186584,965.684398174286,1,600,
no_warm_start_remove_region,"[10000, 10000, 10000, 10000, 1]",210037001,51,0.3,-inf,0.0150669468566775,890.1627428531647,891.792474269867,1,600,
no_warm_start_remove_region,"[10000, 10000, 10000, 10000, 1]",150035001,51,0.5,-inf,0.0150669468566775,829.329446554184,830.6544857025146,1,600,
no_warm_start_remove_region,"[10000, 10000, 10000, 10000, 1]",60032001,51,0.8,-inf,0.0150669468566775,719.0694668292999,719.6005699634552,1,600,
no_warm_start_remove_region,"[10000, 10000, 10000, 10000, 1]",30031001,51,0.9,-inf,0.0150669468566775,684.1756834983826,684.5838942527771,1,600,
no_warm_start_remove_region,"[10000, 10000, 10000, 10000, 1]",15030501,51,0.95,-inf,0.0150669468566775,667.3098497390747,667.5113623142242,1,600,
no_warm_start_remove_region,"[100000, 100, 100, 1]",10010301,50,0.0,-inf,-0.1214047819375991,4.222442626953125,604.2299842834473,1,600,
no_warm_start_remove_region,"[100000, 100, 100, 1]",7007271,50,0.3,-inf,6.916069507598877,492.8141479492188,603.8739354610443,2,600,
no_warm_start_remove_region,"[100000, 100, 100, 1]",5005251,50,0.5,-inf,4.63622522354126,310.3916339874268,603.8325510025024,2,600,
no_warm_start_remove_region,"[100000, 100, 100, 1]",2002221,50,0.8,-inf,5.128175258636475,128.24788808822632,602.564040184021,6,600,
no_warm_start_remove_region,"[100000, 100, 100, 1]",1001211,50,0.9,-inf,5.0142998695373535,487.0147874355316,602.2743234634399,22,600,
no_warm_start_remove_region,"[100000, 100, 100, 1]",500706,50,0.95,-inf,3.401261329650879,268.9494140148163,604.017215013504,6,600,
no_warm_start_remove_region,"[100000, 100, 100, 1]",10010300,51,0.0,-inf,0.0642231851816177,4.479287147521973,604.4661417007446,1,600,
no_warm_start_remove_region,"[100000, 100, 100, 1]",7007271,51,0.3,-inf,10.286368370056152,360.4928045272827,603.3538060188293,3,600,
no_warm_start_remove_region,"[100000, 100, 100, 1]",5005251,51,0.5,-inf,4.487605094909668,295.0300886631012,603.2313559055328,2,600,
no_warm_start_remove_region,"[100000, 100, 100, 1]",2002221,51,0.8,-inf,6.96101188659668,97.51755285263062,602.2720801830292,4,600,
no_warm_start_remove_region,"[100000, 100, 100, 1]",1001211,51,0.9,-inf,4.980306148529053,527.9637775421143,602.0931386947632,11,600,
no_warm_start_remove_region,"[100000, 100, 100, 1]",500706,51,0.95,-inf,3.4655990600585938,93.35416531562804,601.4698100090027,7,600,
no_warm_start_remove_region,"[100000, 1000, 1000, 1]",101002997,50,0.0,-inf,0.0553139969706535,40.59912729263306,640.0961201190948,1,600,
no_warm_start_remove_region,"[100000, 1000, 1000, 1]",70702701,50,0.3,-inf,0.0553139969706535,34.03560662269592,634.0870287418365,1,600,
no_warm_start_remove_region,"[100000, 1000, 1000, 1]",50502501,50,0.5,-inf,0.0553140044212341,20.65427088737488,620.5518064498901,1,600,
no_warm_start_remove_region,"[100000, 1000, 1000, 1]",20202201,50,0.8,-inf,0.0553139969706535,12.382973194122314,612.3836536407471,1,600,
no_warm_start_remove_region,"[100000, 1000, 1000, 1]",10102101,50,0.9,-inf,0.0553139969706535,9.273662805557253,609.3121659755707,1,600,
no_warm_start_remove_region,"[100000, 1000, 1000, 1]",5052051,50,0.95,-inf,0.0553139969706535,7.444171190261841,607.4944789409637,1,600,
no_warm_start_remove_region,"[100000, 1000, 1000, 1]",101002996,51,0.0,-inf,-0.0048027238808572,43.41047787666321,643.0098078250885,1,600,
no_warm_start_remove_region,"[100000, 1000, 1000, 1]",70702701,51,0.3,-inf,-0.0048027238808572,31.14238452911377,630.9345965385437,1,600,
no_warm_start_remove_region,"[100000, 1000, 1000, 1]",50502501,51,0.5,-inf,-0.0048027238808572,22.09276247024536,621.9197609424591,1,600,
no_warm_start_remove_region,"[100000, 1000, 1000, 1]",20202201,51,0.8,-inf,-0.0048027238808572,12.688297510147097,612.6741454601288,1,600,
no_warm_start_remove_region,"[100000, 1000, 1000, 1]",10102101,51,0.9,-inf,-0.0048027238808572,7.4406044483184814,607.470223903656,1,600,
no_warm_start_remove_region,"[100000, 1000, 1000, 1]",5052051,51,0.95,-inf,-0.0048027238808572,5.896753072738648,605.9459857940674,1,600,
no_warm_start_remove_region,"[100000, 10000, 10000, 1]",1100029946,50,0.0,-inf,0.0201716013252735,1162.6788148880005,1168.9604814052582,1,600,
no_warm_start_remove_region,"[100000, 10000, 10000, 1]",770027001,50,0.3,-inf,0.0201716013252735,971.568239927292,977.5197327136992,1,600,
no_warm_start_remove_region,"[100000, 10000, 10000, 1]",550025001,50,0.5,-inf,0.0201716013252735,896.129068851471,900.8601005077362,1,600,
no_warm_start_remove_region,"[100000, 10000, 10000, 1]",220022001,50,0.8,-inf,0.0201716013252735,779.378011226654,781.6490490436554,1,600,
no_warm_start_remove_region,"[100000, 10000, 10000, 1]",110021001,50,0.9,-inf,-inf,,768.7142705917358,0,600,
no_warm_start_remove_region,"[100000, 10000, 10000, 1]",55020501,50,0.95,-inf,-0.0057842270471155,230.73856163024905,304.7056977748871,122,600,
no_warm_start_remove_region,"[100000, 10000, 10000, 1]",1100029927,51,0.0,-inf,-inf,,1126.5013346672058,0,600,
no_warm_start_remove_region,"[100000, 10000, 10000, 1]",770027001,51,0.3,-inf,0.0527174137532711,1013.027182340622,1017.977840423584,1,600,
no_warm_start_remove_region,"[100000, 10000, 10000, 1]",550025001,51,0.5,-inf,0.0527174137532711,925.5398013591766,929.695280790329,1,600,
no_warm_start_remove_region,"[100000, 10000, 10000, 1]",220022001,51,0.8,-inf,0.0527174137532711,801.8032143115997,803.8874385356903,1,600,
no_warm_start_remove_region,"[100000, 10000, 10000, 1]",110021001,51,0.9,-inf,0.0527174137532711,729.7245082855225,730.7514584064484,1,600,
no_warm_start_remove_region,"[100000, 10000, 10000, 1]",55020501,51,0.95,-inf,-0.0001481103245168,228.43197584152225,282.2345714569092,55,600,
no_warm_start_remove_region,"[100000, 100, 100, 100, 1]",10020401,50,0.0,-inf,0.0799029618501663,4.815007925033569,659.5245864391327,1,600,
no_warm_start_remove_region,"[100000, 100, 100, 100, 1]",7014371,50,0.3,-inf,0.0799029618501663,3.24716854095459,603.5484850406647,1,600,
no_warm_start_remove_region,"[100000, 100, 100, 100, 1]",5010351,50,0.5,-inf,0.0799029618501663,3.320040464401245,603.7142291069031,1,600,
no_warm_start_remove_region,"[100000, 100, 100, 100, 1]",2004321,50,0.8,-inf,0.0799029618501663,1.4388785362243652,601.6775150299072,1,600,
no_warm_start_remove_region,"[100000, 100, 100, 100, 1]",1002311,50,0.9,-inf,0.0799029618501663,1.1803693771362305,602.3906874656677,1,600,
no_warm_start_remove_region,"[100000, 100, 100, 100, 1]",501306,50,0.95,-inf,0.0799029618501663,1.0143916606903076,601.0712280273438,1,600,
no_warm_start_remove_region,"[100000, 100, 100, 100, 1]",10020400,51,0.0,-inf,0.0443155691027641,5.558218240737915,605.5684642791748,1,600,
no_warm_start_remove_region,"[100000, 100, 100, 100, 1]",7014371,51,0.3,-inf,0.0443155691027641,3.578674793243408,603.6012024879456,1,600,
no_warm_start_remove_region,"[100000, 100, 100, 100, 1]",5010351,51,0.5,-inf,0.0443155691027641,2.8531570434570312,602.89697098732,1,600,
no_warm_start_remove_region,"[100000, 100, 100, 100, 1]",2004321,51,0.8,-inf,0.0443155691027641,1.5286943912506104,601.7105040550232,1,600,
no_warm_start_remove_region,"[100000, 100, 100, 100, 1]",1002311,51,0.9,-inf,0.0443155691027641,1.5457932949066162,601.8353674411774,1,600,
no_warm_start_remove_region,"[100000, 100, 100, 100, 1]",501306,51,0.95,-inf,0.0443155765533447,1.3979926109313965,601.4695842266083,1,600,
no_warm_start_remove_region,"[100000, 1000, 1000, 1000, 1]",102003997,50,0.0,-inf,0.0436333008110523,45.37818026542664,646.6699104309082,1,600,
no_warm_start_remove_region,"[100000, 1000, 1000, 1000, 1]",71403701,50,0.3,-inf,0.0436333045363426,33.90507245063782,635.1855878829956,1,600,
no_warm_start_remove_region,"[100000, 1000, 1000, 1000, 1]",51003501,50,0.5,-inf,0.043633297085762,24.797829389572144,624.6753346920013,1,600,
no_warm_start_remove_region,"[100000, 1000, 1000, 1000, 1]",20403201,50,0.8,-inf,0.0436333045363426,14.414974689483644,614.4108080863953,1,600,
no_warm_start_remove_region,"[100000, 1000, 1000, 1000, 1]",10203101,50,0.9,-inf,0.0436333045363426,10.596009254455566,610.6020166873932,1,600,
no_warm_start_remove_region,"[100000, 1000, 1000, 1000, 1]",5103051,50,0.95,-inf,0.043633297085762,10.934812545776367,610.9598467350006,1,600,
no_warm_start_remove_region,"[100000, 1000, 1000, 1000, 1]",102003996,51,0.0,-inf,-0.0175926499068737,42.73877048492432,647.1267399787903,1,600,
no_warm_start_remove_region,"[100000, 1000, 1000, 1000, 1]",71403701,51,0.3,-inf,-0.0175926424562931,37.0337598323822,640.8382709026337,1,600,
no_warm_start_remove_region,"[100000, 1000, 1000, 1000, 1]",51003501,51,0.5,-inf,-0.0175926424562931,24.70726490020752,624.5657393932343,1,600,
no_warm_start_remove_region,"[100000, 1000, 1000, 1000, 1]",20403201,51,0.8,-inf,-0.0175926499068737,15.832441329956056,615.8371458053589,1,600,
no_warm_start_remove_region,"[100000, 1000, 1000, 1000, 1]",10203101,51,0.9,-inf,-0.0175926424562931,9.818886995315552,609.8471477031708,1,600,
no_warm_start_remove_region,"[100000, 1000, 1000, 1000, 1]",5103051,51,0.95,-inf,-0.0175926424562931,8.346537351608276,608.3735494613647,1,600,
no_warm_start_remove_region,"[100000, 10000, 10000, 10000, 1]",1200039939,50,0.0,-inf,0.0073845726437866,1522.3687303066254,1528.705335855484,1,600,
no_warm_start_remove_region,"[100000, 10000, 10000, 10000, 1]",840037001,50,0.3,-inf,0.0073845726437866,1201.7722702026367,1207.1502022743225,1,600,
no_warm_start_remove_region,"[100000, 10000, 10000, 10000, 1]",600035001,50,0.5,-inf,-inf,,1204.8200299739838,0,600,
no_warm_start_remove_region,"[100000, 10000, 10000, 10000, 1]",240032001,50,0.8,-inf,0.0073845623992383,916.3835573196412,918.7456607818604,1,600,
no_warm_start_remove_region,"[100000, 10000, 10000, 10000, 1]",120031001,50,0.9,-0.0044848269881792,-0.0035245702601969,926.1684098243712,994.2181568145752,18,600,
no_warm_start_remove_region,"[100000, 10000, 10000, 10000, 1]",1200039923,51,0.0,-inf,-0.009524873457849,1534.5991702079773,1540.969951629639,1,600,
no_warm_start_remove_region,"[100000, 10000, 10000, 10000, 1]",840037001,51,0.3,-inf,-0.0095248688012361,1138.1736764907837,1144.4542706012726,1,600,
no_warm_start_remove_region,"[100000, 10000, 10000, 10000, 1]",600035001,51,0.5,-inf,-inf,,1101.2063755989077,0,600,
no_warm_start_remove_region,"[100000, 10000, 10000, 10000, 1]",240032001,51,0.8,-inf,-inf,,929.617441892624,0,600,
no_warm_start_remove_region,"[100000, 10000, 10000, 10000, 1]",120031001,51,0.9,-inf,-0.0006458858842961,940.0713698863984,1006.9934279918672,35,600,
no_warm_start_remove_region,"[100000, 10000, 10000, 10000, 1]",60030501,51,0.95,-inf,-inf,,1001.7837698459624,0,600,
