method,model_size,parameters,seed,prune_amount,max_,original_max,original_max_time_elapsed,solve_time,sol_count,time_limit,first_solution,slurm_array_id
no_warm_start_dense_passing,"[100, 50, 50, 1]",7651,50,0.0,0.3954161967063705,0.3954162001609802,508.6746971607208,600.7222230434418,41,600,0,
no_warm_start_dense_passing,"[100, 50, 50, 1]",7651,51,0.0,0.3884106581927312,0.3884106576442718,277.4837610721588,600.6830971240997,23,600,0,
no_warm_start_dense_passing,"[100, 50, 50, 1]",7651,52,0.0,0.2573822534710868,0.2573822438716888,224.53696656227112,600.4196937084198,27,600,0,
no_warm_start_dense_passing,"[100, 50, 50, 1]",7651,53,0.0,0.5433407722283214,0.5433406829833984,204.83406615257263,600.6203529834747,34,600,0,
no_warm_start_dense_passing,"[100, 50, 50, 1]",7651,54,0.0,0.3843297860749835,0.3843297958374023,559.8290798664093,600.407220363617,22,600,0,
no_warm_start_dense_passing,"[100, 100, 100, 1]",20301,50,0.0,0.2340302767435472,0.2340302467346191,569.1343879699707,600.607127904892,24,600,0,
no_warm_start_dense_passing,"[100, 100, 100, 1]",20301,51,0.0,0.2223147800314645,0.2223147004842758,504.2688589096069,600.8396091461182,19,600,0,
no_warm_start_dense_passing,"[100, 100, 100, 1]",20301,52,0.0,0.29147622351595,0.2914761900901794,581.4761438369751,600.8017857074738,21,600,0,
no_warm_start_dense_passing,"[100, 100, 100, 1]",20301,53,0.0,0.3203769724277323,0.3203769624233246,546.3395886421204,600.8688819408417,18,600,0,
no_warm_start_dense_passing,"[100, 100, 100, 1]",20301,54,0.0,0.5292268344486599,0.5292268395423889,568.6073830127716,600.6730575561523,22,600,0,
no_warm_start_dense_passing,"[100, 200, 200, 1]",60601,50,0.0,0.140456890648007,0.1404568701982498,359.50652289390564,601.2781550884247,5,600,0,
no_warm_start_dense_passing,"[100, 200, 200, 1]",60601,51,0.0,-0.040683236404477,-0.04068323969841,458.7571897506714,601.2066402435303,1,600,0,
no_warm_start_dense_passing,"[100, 200, 200, 1]",60601,52,0.0,0.0094985433948061,0.0094985477626323,19.18270754814148,601.2484338283539,1,600,0,
no_warm_start_dense_passing,"[100, 200, 200, 1]",60601,53,0.0,0.1721323774399516,0.1721323728561401,601.2239727973938,601.4802589416504,4,600,0,
no_warm_start_dense_passing,"[100, 200, 200, 1]",60601,54,0.0,0.1817276071725554,0.1817275881767273,558.6322917938232,601.3371634483337,5,600,0,
no_warm_start_dense_passing,"[100, 50, 50, 50, 1]",10201,50,0.0,0.2353335326286451,0.2353335320949554,594.8704936504364,600.68332862854,18,600,0,
no_warm_start_dense_passing,"[100, 50, 50, 50, 1]",10201,51,0.0,0.0527590541564244,0.0527590475976467,549.198593378067,600.8259568214417,26,600,0,
no_warm_start_dense_passing,"[100, 50, 50, 50, 1]",10201,52,0.0,0.0659248904091026,0.0659248828887939,520.2041680812836,600.8716232776642,25,600,0,
no_warm_start_dense_passing,"[100, 50, 50, 50, 1]",10201,53,0.0,0.2049268131567645,0.2049268037080764,567.6195216178894,600.808589220047,34,600,0,
no_warm_start_dense_passing,"[100, 50, 50, 50, 1]",10201,54,0.0,0.0737549605502158,0.0737549662590026,600.7362208366394,600.9015824794769,32,600,0,
no_warm_start_dense_passing,"[100, 100, 100, 100, 1]",30401,50,0.0,0.0338150615772095,0.0338150598108768,576.7509458065033,600.6935577392578,13,600,0,
no_warm_start_dense_passing,"[100, 100, 100, 100, 1]",30401,51,0.0,-0.030656854762764,-0.0306568518280982,522.3735027313232,600.7459952831268,12,600,0,
no_warm_start_dense_passing,"[100, 100, 100, 100, 1]",30401,52,0.0,-0.0460498210729541,-0.0460498183965683,551.4626379013062,600.7764604091644,8,600,0,
no_warm_start_dense_passing,"[100, 100, 100, 100, 1]",30401,53,0.0,0.025435577417854,0.0254355743527412,396.17306637763977,600.7280733585358,10,600,0,
no_warm_start_dense_passing,"[100, 100, 100, 100, 1]",30401,54,0.0,0.0443868786672323,0.0443868786096572,559.283834695816,600.769852399826,17,600,0,
no_warm_start_dense_passing,"[100, 200, 200, 200, 1]",100801,50,0.0,-0.0692338889959688,-0.0692338868975639,50.727399826049805,601.4006335735321,1,600,0,
no_warm_start_dense_passing,"[100, 200, 200, 200, 1]",100801,51,0.0,0.0310569874421935,0.0310568567365407,67.17354679107666,601.7241339683533,2,600,0,
no_warm_start_dense_passing,"[100, 200, 200, 200, 1]",100801,52,0.0,0.0212270472291516,0.0212270468473434,48.12522172927856,601.5156483650208,1,600,0,
no_warm_start_dense_passing,"[100, 200, 200, 200, 1]",100801,53,0.0,-0.0030776512538848,-0.0030778683722019,601.8131685256958,602.1193673610687,4,600,0,
no_warm_start_dense_passing,"[100, 200, 200, 200, 1]",100801,54,0.0,0.0026239912091361,0.0026239827275276,67.94664812088013,602.0467798709869,2,600,0,
no_warm_start_dense_passing,"[100, 50, 50, 50, 50, 1]",12751,50,0.0,0.1622627733729735,0.1622627675533294,518.7805247306824,600.9629020690918,16,600,0,
no_warm_start_dense_passing,"[100, 50, 50, 50, 50, 1]",12751,51,0.0,-0.026445759425817,-0.0264457650482654,580.5722577571869,600.7889814376831,24,600,0,
no_warm_start_dense_passing,"[100, 50, 50, 50, 50, 1]",12751,52,0.0,0.1386335095743617,0.1386333256959915,212.01837611198425,600.7817678451538,20,600,0,
no_warm_start_dense_passing,"[100, 50, 50, 50, 50, 1]",12751,53,0.0,-0.0861472632467811,-0.0861472636461258,500.4864423274994,601.0128397941589,16,600,0,
no_warm_start_dense_passing,"[100, 50, 50, 50, 50, 1]",12751,54,0.0,0.0290632026253068,0.0290631987154483,409.91652512550354,600.9953544139862,15,600,0,
no_warm_start_dense_passing,"[100, 100, 100, 100, 100, 1]",40501,50,0.0,0.0430015916701045,0.0430015921592712,4.143213748931885,601.4590964317322,1,600,0,
no_warm_start_dense_passing,"[100, 100, 100, 100, 100, 1]",40501,51,0.0,0.0220653253379709,0.0220652259886264,4.278351068496704,601.6333985328674,3,600,0,
no_warm_start_dense_passing,"[100, 100, 100, 100, 100, 1]",40501,52,0.0,-inf,-inf,,600.9987235069275,0,600,0,
no_warm_start_dense_passing,"[100, 100, 100, 100, 100, 1]",40501,53,0.0,-0.0100620787688171,-0.0100620798766613,554.2253229618073,600.9768040180206,8,600,0,
no_warm_start_dense_passing,"[100, 100, 100, 100, 100, 1]",40501,54,0.0,-0.0308235947166964,-0.0308235958218574,520.856819152832,601.0315301418304,8,600,0,
no_warm_start_dense_passing,"[100, 200, 200, 200, 200, 1]",141001,50,0.0,-inf,-inf,,601.8451642990112,0,600,0,
no_warm_start_dense_passing,"[100, 200, 200, 200, 200, 1]",141001,51,0.0,-inf,-inf,,602.1858463287354,0,600,0,
no_warm_start_dense_passing,"[100, 200, 200, 200, 200, 1]",141001,52,0.0,-inf,-inf,,602.0097441673279,0,600,0,
no_warm_start_dense_passing,"[100, 200, 200, 200, 200, 1]",141001,53,0.0,-inf,-inf,,601.6166307926178,0,600,0,
no_warm_start_dense_passing,"[100, 200, 200, 200, 200, 1]",141001,54,0.0,-inf,-inf,,602.501571893692,0,600,0,
no_warm_start_dense_passing,"[100, 50, 50, 50, 50, 50, 1]",15301,50,0.0,0.0629970231837344,0.0629970282316207,342.0428824424744,601.0922615528107,6,600,0,
no_warm_start_dense_passing,"[100, 50, 50, 50, 50, 50, 1]",15301,51,0.0,-0.0448574611628384,-0.0448574647307395,329.7833490371704,600.799277305603,13,600,0,
no_warm_start_dense_passing,"[100, 50, 50, 50, 50, 50, 1]",15301,52,0.0,-0.116928242442851,-0.1169282421469688,308.9732012748718,600.8593649864197,9,600,0,
no_warm_start_dense_passing,"[100, 50, 50, 50, 50, 50, 1]",15301,53,0.0,-0.071141957045727,-0.0711419582366943,284.7968966960907,600.8109042644501,8,600,0,
no_warm_start_dense_passing,"[100, 50, 50, 50, 50, 50, 1]",15301,54,0.0,0.0813419009072524,0.0813418626785278,382.3922753334045,600.7325303554535,12,600,0,
no_warm_start_dense_passing,"[100, 100, 100, 100, 100, 100, 1]",50601,50,0.0,0.1196216854939661,0.1196215823292732,3.3109350204467773,601.3107092380524,5,600,0,
no_warm_start_dense_passing,"[100, 100, 100, 100, 100, 100, 1]",50601,51,0.0,-0.0279479491680857,-0.0279479660093784,4.221450090408325,601.2710475921631,4,600,0,
no_warm_start_dense_passing,"[100, 100, 100, 100, 100, 100, 1]",50601,52,0.0,-inf,-inf,,601.2832388877869,0,600,0,
no_warm_start_dense_passing,"[100, 100, 100, 100, 100, 100, 1]",50601,53,0.0,-inf,-inf,,601.2898433208466,0,600,0,
no_warm_start_dense_passing,"[100, 100, 100, 100, 100, 100, 1]",50601,54,0.0,-inf,-inf,,601.5237777233124,0,600,0,
no_warm_start_dense_passing,"[100, 200, 200, 200, 200, 200, 1]",181201,50,0.0,-inf,-inf,,603.7668895721436,0,600,0,
no_warm_start_dense_passing,"[100, 200, 200, 200, 200, 200, 1]",181201,51,0.0,-inf,-inf,,603.545182466507,0,600,0,
no_warm_start_dense_passing,"[100, 200, 200, 200, 200, 200, 1]",181201,52,0.0,-inf,-inf,,603.9893569946289,0,600,0,
no_warm_start_dense_passing,"[100, 200, 200, 200, 200, 200, 1]",181201,53,0.0,-inf,-inf,,603.9483187198639,0,600,0,
no_warm_start_dense_passing,"[100, 200, 200, 200, 200, 200, 1]",181201,54,0.0,-inf,-inf,,602.7832896709442,0,600,0,
no_warm_start_dense_passing,"[1000, 50, 50, 1]",52651,50,0.0,1.3855029092412865,1.3855029344558716,441.26136469841,600.5073041915894,22,600,0,
no_warm_start_dense_passing,"[1000, 50, 50, 1]",52651,51,0.0,1.2325169008992374,1.2325167655944824,441.6723895072937,600.6870293617249,19,600,0,
no_warm_start_dense_passing,"[1000, 50, 50, 1]",52651,52,0.0,1.1755676509391089,1.175567626953125,520.6781268119812,600.5949132442474,12,600,0,
no_warm_start_dense_passing,"[1000, 50, 50, 1]",52651,53,0.0,1.0741386843395868,1.074138641357422,449.2871789932251,600.5543370246887,18,600,0,
no_warm_start_dense_passing,"[1000, 50, 50, 1]",52651,54,0.0,1.242302665425879,1.2423027753829956,573.9825460910797,602.830780506134,19,600,0,
no_warm_start_dense_passing,"[1000, 100, 100, 1]",110301,50,0.0,1.0172855759631412,1.0172855854034424,507.41397881507874,601.2856242656708,9,600,0,
no_warm_start_dense_passing,"[1000, 100, 100, 1]",110301,51,0.0,1.0455640239884023,1.0455639362335205,283.39180731773376,600.9990267753601,12,600,0,
no_warm_start_dense_passing,"[1000, 100, 100, 1]",110301,52,0.0,1.1330792712685602,1.1330792903900146,601.8042869567871,602.1520485877991,18,600,0,
no_warm_start_dense_passing,"[1000, 100, 100, 1]",110301,53,0.0,1.0383502082016989,1.038350224494934,433.5254456996918,600.8907063007355,7,600,0,
no_warm_start_dense_passing,"[1000, 100, 100, 1]",110301,54,0.0,1.0996201288189404,1.0996201038360596,15.278098106384276,600.8852019309998,11,600,0,
no_warm_start_dense_passing,"[1000, 200, 200, 1]",240601,50,0.0,-inf,-inf,,601.1672809123993,0,600,0,
no_warm_start_dense_passing,"[1000, 200, 200, 1]",240601,51,0.0,-inf,-inf,,601.1869053840637,0,600,0,
no_warm_start_dense_passing,"[1000, 200, 200, 1]",240601,52,0.0,-inf,-inf,,601.4456489086151,0,600,0,
no_warm_start_dense_passing,"[1000, 200, 200, 1]",240601,53,0.0,-inf,-inf,,601.1370234489441,0,600,0,
no_warm_start_dense_passing,"[1000, 200, 200, 1]",240601,54,0.0,-inf,-inf,,601.1272170543671,0,600,0,
no_warm_start_dense_passing,"[1000, 50, 50, 50, 1]",55201,50,0.0,0.2876898010048371,0.2876898050308227,408.02021622657776,600.7480614185333,25,600,0,
no_warm_start_dense_passing,"[1000, 50, 50, 50, 1]",55201,51,0.0,0.4916158498038002,0.4916158616542816,582.5281472206116,600.9539408683777,15,600,0,
no_warm_start_dense_passing,"[1000, 50, 50, 50, 1]",55201,52,0.0,0.7037779042083192,0.7037778496742249,473.4105522632599,600.9853849411011,13,600,0,
no_warm_start_dense_passing,"[1000, 50, 50, 50, 1]",55201,53,0.0,0.5218960592549878,0.5218960642814636,494.8882834911346,600.7784471511841,10,600,0,
no_warm_start_dense_passing,"[1000, 50, 50, 50, 1]",55201,54,0.0,0.6621475625645025,0.6621475219726562,260.8560199737549,600.9920060634613,7,600,0,
no_warm_start_dense_passing,"[1000, 100, 100, 100, 1]",120401,50,0.0,-0.1258846379340296,-0.1258846521377563,379.9129364490509,600.8351361751556,6,600,0,
no_warm_start_dense_passing,"[1000, 100, 100, 100, 1]",120401,51,0.0,0.0993991903657431,0.0993987321853637,439.6506350040436,600.8583414554596,8,600,0,
no_warm_start_dense_passing,"[1000, 100, 100, 100, 1]",120401,52,0.0,0.0321583207165806,0.0321583226323127,552.1197500228882,600.8298137187958,9,600,0,
no_warm_start_dense_passing,"[1000, 100, 100, 100, 1]",120401,53,0.0,0.0194127975769258,0.0194126386195421,3.5168473720550537,600.9357409477234,3,600,0,
no_warm_start_dense_passing,"[1000, 100, 100, 100, 1]",120401,54,0.0,0.0156670313850106,0.0156670231372118,4.094836950302124,601.0667111873627,5,600,0,
no_warm_start_dense_passing,"[1000, 200, 200, 200, 1]",280801,50,0.0,-0.070981175142349,-0.0709811747074127,3.4983575344085693,601.7534124851227,2,600,0,
no_warm_start_dense_passing,"[1000, 200, 200, 200, 1]",280801,51,0.0,0.012748387664708,0.0127483885735273,105.73178791999815,601.6461274623871,1,600,0,
no_warm_start_dense_passing,"[1000, 200, 200, 200, 1]",280801,52,0.0,0.0417975243047466,0.0417975112795829,95.90793919563292,601.7552299499512,3,600,0,
no_warm_start_dense_passing,"[1000, 200, 200, 200, 1]",280801,53,0.0,0.0239472323539241,0.0239472333341836,97.30255103111269,602.0166773796082,1,600,0,
no_warm_start_dense_passing,"[1000, 200, 200, 200, 1]",280801,54,0.0,0.0639126033113447,0.0639126002788543,97.65666341781616,602.1176645755768,1,600,0,
no_warm_start_dense_passing,"[1000, 50, 50, 50, 50, 1]",57751,50,0.0,-0.0760061441254782,-0.0760062113404274,3.06414008140564,600.7174832820892,3,600,0,
no_warm_start_dense_passing,"[1000, 50, 50, 50, 50, 1]",57751,51,0.0,-0.0324790243660428,-0.0324794463813304,2.14308500289917,601.0541081428528,17,600,0,
no_warm_start_dense_passing,"[1000, 50, 50, 50, 50, 1]",57751,52,0.0,0.0286676120694612,0.0286676175892353,365.3363778591156,601.4799358844757,14,600,0,
no_warm_start_dense_passing,"[1000, 50, 50, 50, 50, 1]",57751,53,0.0,-0.0839412601522279,-0.0839412659406662,495.4426255226135,600.6516969203949,5,600,0,
no_warm_start_dense_passing,"[1000, 50, 50, 50, 50, 1]",57751,54,0.0,0.0986914285830893,0.098691239953041,2.50309157371521,600.6915032863617,4,600,0,
no_warm_start_dense_passing,"[1000, 100, 100, 100, 100, 1]",130501,50,0.0,-inf,-inf,,601.2060408592224,0,600,0,
no_warm_start_dense_passing,"[1000, 100, 100, 100, 100, 1]",130501,51,0.0,0.1015741948914005,0.1015741974115371,13.95147943496704,601.7886292934418,2,600,0,
no_warm_start_dense_passing,"[1000, 100, 100, 100, 100, 1]",130501,52,0.0,0.0016223800741048,0.0016222950071096,8.05185580253601,601.5731103420258,2,600,0,
no_warm_start_dense_passing,"[1000, 100, 100, 100, 100, 1]",130501,53,0.0,-inf,-inf,,601.5425696372986,0,600,0,
no_warm_start_dense_passing,"[1000, 100, 100, 100, 100, 1]",130501,54,0.0,-inf,-inf,,601.723644733429,0,600,0,
no_warm_start_dense_passing,"[1000, 200, 200, 200, 200, 1]",321001,50,0.0,-0.012924124038367,-0.0129241244867444,3.574079990386963,602.6107523441315,2,600,0,
no_warm_start_dense_passing,"[1000, 200, 200, 200, 200, 1]",321001,51,0.0,-inf,-inf,,602.0694541931152,0,600,0,
no_warm_start_dense_passing,"[1000, 200, 200, 200, 200, 1]",321001,52,0.0,0.0416561253823601,0.0416561253368854,3.4350264072418213,601.3218326568604,2,600,0,
no_warm_start_dense_passing,"[1000, 200, 200, 200, 200, 1]",321001,53,0.0,-0.0900917683629577,-0.0900917798280716,60.403703451156616,602.4873790740967,2,600,0,
no_warm_start_dense_passing,"[1000, 200, 200, 200, 200, 1]",321001,54,0.0,-inf,-inf,,602.2872221469879,0,600,0,
no_warm_start_dense_passing,"[1000, 50, 50, 50, 50, 50, 1]",60301,50,0.0,0.0548595170911959,0.0548594743013381,400.0427849292755,600.929012298584,2,600,0,
no_warm_start_dense_passing,"[1000, 50, 50, 50, 50, 50, 1]",60301,51,0.0,0.1219306114340862,0.1219306141138076,454.7796273231506,601.5109646320343,1,600,0,
no_warm_start_dense_passing,"[1000, 50, 50, 50, 50, 50, 1]",60301,52,0.0,-0.0645149951694414,-0.0645149946212768,374.38405895233154,600.6778700351715,1,600,0,
no_warm_start_dense_passing,"[1000, 50, 50, 50, 50, 50, 1]",60301,53,0.0,-0.1319090673741202,-0.1319090723991394,451.1322102546692,600.6691999435425,1,600,0,
no_warm_start_dense_passing,"[1000, 50, 50, 50, 50, 50, 1]",60301,54,0.0,-0.0809532521253907,-0.0809532478451728,423.0962164402008,600.9619772434235,1,600,0,
no_warm_start_dense_passing,"[1000, 100, 100, 100, 100, 100, 1]",140601,50,0.0,-inf,-inf,,601.28084897995,0,600,0,
no_warm_start_dense_passing,"[1000, 100, 100, 100, 100, 100, 1]",140601,51,0.0,-inf,-inf,,601.2991390228271,0,600,0,
no_warm_start_dense_passing,"[1000, 100, 100, 100, 100, 100, 1]",140601,52,0.0,-inf,-inf,,601.3185818195343,0,600,0,
no_warm_start_dense_passing,"[1000, 100, 100, 100, 100, 100, 1]",140601,53,0.0,-inf,-inf,,601.38236784935,0,600,0,
no_warm_start_dense_passing,"[1000, 100, 100, 100, 100, 100, 1]",140601,54,0.0,-inf,-inf,,601.3201501369476,0,600,0,
no_warm_start_dense_passing,"[1000, 200, 200, 200, 200, 200, 1]",361201,50,0.0,0.0338878199418965,0.0338874123990535,4.1723105907440186,602.5292558670044,2,600,0,
no_warm_start_dense_passing,"[1000, 200, 200, 200, 200, 200, 1]",361201,51,0.0,-inf,-inf,,603.5645043849945,0,600,0,
no_warm_start_dense_passing,"[1000, 200, 200, 200, 200, 200, 1]",361201,52,0.0,0.0008756880361959,0.0008752283174544,6.072884798049927,603.918478012085,2,600,0,
no_warm_start_dense_passing,"[1000, 200, 200, 200, 200, 200, 1]",361201,53,0.0,-inf,-inf,,603.0710842609406,0,600,0,
no_warm_start_dense_passing,"[1000, 200, 200, 200, 200, 200, 1]",361201,54,0.0,-inf,-inf,,603.6338536739349,0,600,0,
no_warm_start_dense_passing,"[10000, 50, 50, 1]",502651,50,0.0,3.461076371589294,3.461076259613037,586.2922048568726,600.4927220344543,14,600,0,
no_warm_start_dense_passing,"[10000, 50, 50, 1]",502651,51,0.0,3.8828151472573462,3.882814884185791,315.317353963852,602.0117108821869,10,600,0,
no_warm_start_dense_passing,"[10000, 50, 50, 1]",502651,52,0.0,3.570649561956351,3.5706496238708496,596.5263259410858,600.6911256313324,9,600,0,
no_warm_start_dense_passing,"[10000, 50, 50, 1]",502651,53,0.0,4.340930268717043,4.340929985046387,523.4701697826385,617.6401476860046,6,600,0,
no_warm_start_dense_passing,"[10000, 50, 50, 1]",502651,54,0.0,3.8199773636722334,3.819976806640625,424.8090000152588,703.4314692020416,10,600,0,
no_warm_start_dense_passing,"[10000, 100, 100, 1]",1010301,50,0.0,2.8655965712531035,2.8655965328216557,80.56957173347473,601.4119012355804,2,600,0,
no_warm_start_dense_passing,"[10000, 100, 100, 1]",1010301,51,0.0,3.159836225504016,3.1598362922668457,192.4118251800537,603.9622285366058,3,600,0,
no_warm_start_dense_passing,"[10000, 100, 100, 1]",1010301,52,0.0,3.336032470034574,3.3360323905944824,205.8181800842285,601.0034637451172,3,600,0,
no_warm_start_dense_passing,"[10000, 100, 100, 1]",1010301,53,0.0,1.9579212698376016,1.957921028137207,166.22166895866394,600.8684794902802,3,600,0,
no_warm_start_dense_passing,"[10000, 100, 100, 1]",1010301,54,0.0,2.203305971903694,2.203306198120117,526.0792727470398,601.123438835144,3,600,0,
no_warm_start_dense_passing,"[10000, 200, 200, 1]",2040601,50,0.0,0.0052652796730399,0.0052652764134109,21.173385620117188,601.5123455524445,1,600,0,
no_warm_start_dense_passing,"[10000, 200, 200, 1]",2040601,51,0.0,-inf,-inf,,601.605978012085,0,600,0,
no_warm_start_dense_passing,"[10000, 200, 200, 1]",2040601,52,0.0,-inf,-inf,,601.5477111339569,0,600,0,
no_warm_start_dense_passing,"[10000, 200, 200, 1]",2040601,53,0.0,-0.0076437108218669,-0.0076437122188508,22.44595003128052,602.0043950080872,1,600,0,
no_warm_start_dense_passing,"[10000, 200, 200, 1]",2040601,54,0.0,-0.0568508580327034,-0.0568508431315422,23.23559808731079,601.9805018901825,1,600,0,
no_warm_start_dense_passing,"[10000, 50, 50, 50, 1]",505201,50,0.0,0.2036406298200479,0.2036406993865966,573.7902746200562,601.3002891540527,7,600,0,
no_warm_start_dense_passing,"[10000, 50, 50, 50, 1]",505201,51,0.0,-0.1561878002766039,-0.1561878025531768,12.110498189926147,601.1862411499023,1,600,0,
no_warm_start_dense_passing,"[10000, 50, 50, 50, 1]",505201,52,0.0,0.1393188553587153,0.1393188536167144,554.6987447738647,601.36248254776,2,600,0,
no_warm_start_dense_passing,"[10000, 50, 50, 50, 1]",505201,53,0.0,0.1398224450384634,0.1398224383592605,10.29086446762085,601.8079326152802,1,600,0,
no_warm_start_dense_passing,"[10000, 50, 50, 50, 1]",505201,54,0.0,-0.0273318775063892,-0.0273318737745285,8.379349946975708,601.1176407337189,1,600,0,
no_warm_start_dense_passing,"[10000, 100, 100, 100, 1]",1020401,50,0.0,0.029907778435089,0.0299077779054641,27.938158750534058,604.1356358528137,1,600,0,
no_warm_start_dense_passing,"[10000, 100, 100, 100, 1]",1020401,51,0.0,-0.066984245490094,-0.0669842436909675,26.885815382003784,601.1537141799927,1,600,0,
no_warm_start_dense_passing,"[10000, 100, 100, 100, 1]",1020401,52,0.0,0.0221479754912476,0.022147873416543,28.189468145370483,601.1320340633392,3,600,0,
no_warm_start_dense_passing,"[10000, 100, 100, 100, 1]",1020401,53,0.0,-0.1124879019154526,-0.1124878972768783,56.91138529777527,602.015683889389,1,600,0,
no_warm_start_dense_passing,"[10000, 100, 100, 100, 1]",1020401,54,0.0,-0.0842947427531105,-0.084294743835926,38.98581027984619,601.6045486927032,1,600,0,
no_warm_start_dense_passing,"[10000, 200, 200, 200, 1]",2080801,50,0.0,-0.0447564766624891,-0.0447564758360385,22.96843242645264,603.3502471446991,2,600,0,
no_warm_start_dense_passing,"[10000, 200, 200, 200, 1]",2080801,51,0.0,-inf,-inf,,601.8030047416687,0,600,0,
no_warm_start_dense_passing,"[10000, 200, 200, 200, 1]",2080801,52,0.0,-inf,-inf,,602.6585941314697,0,600,0,
no_warm_start_dense_passing,"[10000, 200, 200, 200, 1]",2080801,53,0.0,0.0363689616670478,0.0363689623773098,28.293309450149536,602.2747132778168,2,600,0,
no_warm_start_dense_passing,"[10000, 200, 200, 200, 1]",2080801,54,0.0,0.0472102923441892,0.047210294753313,24.14732027053833,603.8794939517975,2,600,0,
no_warm_start_dense_passing,"[10000, 50, 50, 50, 50, 1]",507751,50,0.0,0.0873268740280319,0.0873268842697143,9.088008880615234,601.1135630607605,1,600,0,
no_warm_start_dense_passing,"[10000, 50, 50, 50, 50, 1]",507751,51,0.0,0.0569894202874481,0.0569893568754196,11.074581861495972,601.1392090320587,3,600,0,
no_warm_start_dense_passing,"[10000, 50, 50, 50, 50, 1]",507751,52,0.0,0.1427570456769577,0.1427570432424545,9.546827793121338,601.389524936676,1,600,0,
no_warm_start_dense_passing,"[10000, 50, 50, 50, 50, 1]",507751,53,0.0,-0.060215443613903,-0.060215450823307,8.186930418014526,600.8147959709167,1,600,0,
no_warm_start_dense_passing,"[10000, 50, 50, 50, 50, 1]",507751,54,0.0,-0.0676325929249673,-0.0676325932145118,9.949100494384766,600.8213613033295,1,600,0,
no_warm_start_dense_passing,"[10000, 100, 100, 100, 100, 1]",1030501,50,0.0,-0.0419243324263959,-0.0419243313372135,33.385661602020264,602.2319600582123,1,600,0,
no_warm_start_dense_passing,"[10000, 100, 100, 100, 100, 1]",1030501,51,0.0,-0.0423154449620653,-0.0423154421150684,78.32110691070557,603.87220454216,1,600,0,
no_warm_start_dense_passing,"[10000, 100, 100, 100, 100, 1]",1030501,52,0.0,0.0091449924280552,0.0091449487954378,38.31311750411987,602.9340252876282,2,600,0,
no_warm_start_dense_passing,"[10000, 100, 100, 100, 100, 1]",1030501,53,0.0,0.0869553837201262,0.0869553834199905,31.310882091522217,602.9656374454498,1,600,0,
no_warm_start_dense_passing,"[10000, 100, 100, 100, 100, 1]",1030501,54,0.0,-0.054603989658524,-0.0546039938926696,30.951676845550537,601.9290838241577,1,600,0,
no_warm_start_dense_passing,"[10000, 200, 200, 200, 200, 1]",2121001,50,0.0,0.0413888642560265,0.0413888692855834,22.5814106464386,602.3740229606628,1,600,0,
no_warm_start_dense_passing,"[10000, 200, 200, 200, 200, 1]",2121001,51,0.0,-inf,-inf,,602.2971775531769,0,600,0,
no_warm_start_dense_passing,"[10000, 200, 200, 200, 200, 1]",2121001,52,0.0,-inf,-inf,,601.9645290374756,0,600,0,
no_warm_start_dense_passing,"[10000, 200, 200, 200, 200, 1]",2121001,53,0.0,0.0058280639629046,0.0058280667290091,29.373295783996586,603.0429608821869,1,600,0,
no_warm_start_dense_passing,"[10000, 200, 200, 200, 200, 1]",2121001,54,0.0,-0.0474292907539457,-0.0474292933940887,35.755040884017944,603.4213478565216,2,600,0,
no_warm_start_dense_passing,"[10000, 50, 50, 50, 50, 50, 1]",510301,50,0.0,-inf,-inf,,600.823882818222,0,600,0,
no_warm_start_dense_passing,"[10000, 50, 50, 50, 50, 50, 1]",510301,51,0.0,-inf,-inf,,601.1484375,0,600,0,
no_warm_start_dense_passing,"[10000, 50, 50, 50, 50, 50, 1]",510301,52,0.0,-inf,-inf,,600.86883020401,0,600,0,
no_warm_start_dense_passing,"[10000, 50, 50, 50, 50, 50, 1]",510301,53,0.0,-inf,-inf,,600.9443829059601,0,600,0,
no_warm_start_dense_passing,"[10000, 50, 50, 50, 50, 50, 1]",510301,54,0.0,-inf,-inf,,600.8360137939453,0,600,0,
no_warm_start_dense_passing,"[10000, 100, 100, 100, 100, 100, 1]",1040601,50,0.0,-inf,-inf,,601.782309293747,0,600,0,
no_warm_start_dense_passing,"[10000, 100, 100, 100, 100, 100, 1]",1040601,51,0.0,-inf,-inf,,601.1591548919678,0,600,0,
no_warm_start_dense_passing,"[10000, 100, 100, 100, 100, 100, 1]",1040601,52,0.0,-inf,-inf,,601.6373963356018,0,600,0,
no_warm_start_dense_passing,"[10000, 100, 100, 100, 100, 100, 1]",1040601,53,0.0,-inf,-inf,,601.5479636192322,0,600,0,
no_warm_start_dense_passing,"[10000, 100, 100, 100, 100, 100, 1]",1040601,54,0.0,-inf,-inf,,601.6356360912323,0,600,0,
no_warm_start_dense_passing,"[10000, 200, 200, 200, 200, 200, 1]",2161201,50,0.0,-0.0022522107280714,-0.002252209931612,28.450286388397217,603.2273097038269,1,600,0,
no_warm_start_dense_passing,"[10000, 200, 200, 200, 200, 200, 1]",2161201,51,0.0,-inf,-inf,,603.2634670734406,0,600,0,
no_warm_start_dense_passing,"[10000, 200, 200, 200, 200, 200, 1]",2161201,52,0.0,-inf,-inf,,603.3426141738892,0,600,0,
no_warm_start_dense_passing,"[10000, 200, 200, 200, 200, 200, 1]",2161201,53,0.0,0.0059043792910182,0.0059043783694505,25.599529504776,604.5727758407593,1,600,0,
no_warm_start_dense_passing,"[10000, 200, 200, 200, 200, 200, 1]",2161201,54,0.0,-0.0529290800465719,-0.0529290810227394,28.151291131973267,603.0825114250183,2,600,0,
